DATAFLOW,REF_AREA,FREQ,MEASURE,SEX,OC2,TIME_PERIOD,OBS_VALUE,OBS_STATUS,UNIT_MEASURE_TYPE,UNIT_MEASURE,UNIT_MULT,SOURCE,NOTE_SOURCE,NOTE_INDICATOR,NOTE_CLASSIF,DECIMALS,UPPER_BOUND,LOWER_BOUND
ILO:DF_EMP_TEMP_SEX_OC2_NB(1.0),IND,A,EMP_TEMP_NB,SEX_T,OC2_ISCO88_TOTAL,2018,347379.145,,NB,PS,3,LFS - Periodic Labour Force Survey,Repository: ILO-STATISTICS - Micro data processing,,,1,,
ILO:DF_EMP_TEMP_SEX_OC2_NB(1.0),IND,A,EMP_TEMP_NB,SEX_T,OC2_ISCO88_11,2018,1243.434,,NB,PS,3,LFS - Periodic Labour Force Survey,Repository: ILO-STATISTICS - Micro data processing,,,1,,
ILO:DF_EMP_TEMP_SEX_OC2_NB(1.0),IND,A,EMP_TEMP_NB,SEX_T,OC2_ISCO88_12,2018,26533.802,,NB,PS,3,LFS - Periodic Labour Force Survey,Repository: ILO-STATISTICS - Micro data processing,,,1,,
ILO:DF_EMP_TEMP_SEX_OC2_NB(1.0),IND,A,EMP_TEMP_NB,SEX_T,OC2_ISCO88_13,2018,780.124,,NB,PS,3,LFS - Periodic Labour Force Survey,Repository: ILO-STATISTICS - Micro data processing,,,1,,
ILO:DF_EMP_TEMP_SEX_OC2_NB(1.0),IND,A,EMP_TEMP_NB,SEX_T,OC2_ISCO88_21,2018,3059.585,,NB,PS,3,LFS - Periodic Labour Force Survey,Repository: ILO-STATISTICS - Micro data processing,,,1,,
ILO:DF_EMP_TEMP_SEX_OC2_NB(1.0),IND,A,EMP_TEMP_NB,SEX_T,OC2_ISCO88_22,2018,1588.259,,NB,PS,3,LFS - Periodic Labour Force Survey,Repository: ILO-STATISTICS - Micro data processing,,,1,,
ILO:DF_EMP_TEMP_SEX_OC2_NB(1.0),IND,A,EMP_TEMP_NB,SEX_T,OC2_ISCO88_23,2018,5067.101,,NB,PS,3,LFS - Periodic Labour Force Survey,Repository: ILO-STATISTICS - Micro data processing,,,1,,
ILO:DF_EMP_TEMP_SEX_OC2_NB(1.0),IND,A,EMP_TEMP_NB,SEX_T,OC2_ISCO88_24,2018,5330.065,,NB,PS,3,LFS - Periodic Labour Force Survey,Repository: ILO-STATISTICS - Micro data processing,,,1,,
ILO:DF_EMP_TEMP_SEX_OC2_NB(1.0),IND,A,EMP_TEMP_NB,SEX_T,OC2_ISCO88_31,2018,2174.971,,NB,PS,3,LFS - Periodic Labour Force Survey,Repository: ILO-STATISTICS - Micro data processing,,,1,,
ILO:DF_EMP_TEMP_SEX_OC2_NB(1.0),IND,A,EMP_TEMP_NB,SEX_T,OC2_ISCO88_32,2018,1499.519,,NB,PS,3,LFS - Periodic Labour Force Survey,Repository: ILO-STATISTICS - Micro data processing,,,1,,
ILO:DF_EMP_TEMP_SEX_OC2_NB(1.0),IND,A,EMP_TEMP_NB,SEX_T,OC2_ISCO88_33,2018,6627.804,,NB,PS,3,LFS - Periodic Labour Force Survey,Repository: ILO-STATISTICS - Micro data processing,,,1,,
ILO:DF_EMP_TEMP_SEX_OC2_NB(1.0),IND,A,EMP_TEMP_NB,SEX_T,OC2_ISCO88_34,2018,4846.251,,NB,PS,3,LFS - Periodic Labour Force Survey,Repository: ILO-STATISTICS - Micro data processing,,,1,,
ILO:DF_EMP_TEMP_SEX_OC2_NB(1.0),IND,A,EMP_TEMP_NB,SEX_T,OC2_ISCO88_41,2018,6080.066,,NB,PS,3,LFS - Periodic Labour Force Survey,Repository: ILO-STATISTICS - Micro data processing,,,1,,
ILO:DF_EMP_TEMP_SEX_OC2_NB(1.0),IND,A,EMP_TEMP_NB,SEX_T,OC2_ISCO88_42,2018,1442.325,,NB,PS,3,LFS - Periodic Labour Force Survey,Repository: ILO-STATISTICS - Micro data processing,,,1,,
ILO:DF_EMP_TEMP_SEX_OC2_NB(1.0),IND,A,EMP_TEMP_NB,SEX_T,OC2_ISCO88_51,2018,10946.861,,NB,PS,3,LFS - Periodic Labour Force Survey,Repository: ILO-STATISTICS - Micro data processing,,,1,,
ILO:DF_EMP_TEMP_SEX_OC2_NB(1.0),IND,A,EMP_TEMP_NB,SEX_T,OC2_ISCO88_52,2018,22433.08,,NB,PS,3,LFS - Periodic Labour Force Survey,Repository: ILO-STATISTICS - Micro data processing,,,1,,
ILO:DF_EMP_TEMP_SEX_OC2_NB(1.0),IND,A,EMP_TEMP_NB,SEX_T,OC2_ISCO88_61,2018,98870.59,,NB,PS,3,LFS - Periodic Labour Force Survey,Repository: ILO-STATISTICS - Micro data processing,,,1,,
ILO:DF_EMP_TEMP_SEX_OC2_NB(1.0),IND,A,EMP_TEMP_NB,SEX_T,OC2_ISCO88_62,2018,4312.767,,NB,PS,3,LFS - Periodic Labour Force Survey,Repository: ILO-STATISTICS - Micro data processing,,,1,,
ILO:DF_EMP_TEMP_SEX_OC2_NB(1.0),IND,A,EMP_TEMP_NB,SEX_T,OC2_ISCO88_71,2018,16526.938,,NB,PS,3,LFS - Periodic Labour Force Survey,Repository: ILO-STATISTICS - Micro data processing,,,1,,
ILO:DF_EMP_TEMP_SEX_OC2_NB(1.0),IND,A,EMP_TEMP_NB,SEX_T,OC2_ISCO88_72,2018,8203.602,,NB,PS,3,LFS - Periodic Labour Force Survey,Repository: ILO-STATISTICS - Micro data processing,,,1,,
ILO:DF_EMP_TEMP_SEX_OC2_NB(1.0),IND,A,EMP_TEMP_NB,SEX_T,OC2_ISCO88_73,2018,2748.203,,NB,PS,3,LFS - Periodic Labour Force Survey,Repository: ILO-STATISTICS - Micro data processing,,,1,,
ILO:DF_EMP_TEMP_SEX_OC2_NB(1.0),IND,A,EMP_TEMP_NB,SEX_T,OC2_ISCO88_74,2018,14314.869,,NB,PS,3,LFS - Periodic Labour Force Survey,Repository: ILO-STATISTICS - Micro data processing,,,1,,
ILO:DF_EMP_TEMP_SEX_OC2_NB(1.0),IND,A,EMP_TEMP_NB,SEX_T,OC2_ISCO88_81,2018,1447.237,,NB,PS,3,LFS - Periodic Labour Force Survey,Repository: ILO-STATISTICS - Micro data processing,,,1,,
ILO:DF_EMP_TEMP_SEX_OC2_NB(1.0),IND,A,EMP_TEMP_NB,SEX_T,OC2_ISCO88_82,2018,4902.998,,NB,PS,3,LFS - Periodic Labour Force Survey,Repository: ILO-STATISTICS - Micro data processing,,,1,,
ILO:DF_EMP_TEMP_SEX_OC2_NB(1.0),IND,A,EMP_TEMP_NB,SEX_T,OC2_ISCO88_83,2018,14113.822,,NB,PS,3,LFS - Periodic Labour Force Survey,Repository: ILO-STATISTICS - Micro data processing,,,1,,
ILO:DF_EMP_TEMP_SEX_OC2_NB(1.0),IND,A,EMP_TEMP_NB,SEX_T,OC2_ISCO88_91,2018,11046.73,,NB,PS,3,LFS - Periodic Labour Force Survey,Repository: ILO-STATISTICS - Micro data processing,,,1,,
ILO:DF_EMP_TEMP_SEX_OC2_NB(1.0),IND,A,EMP_TEMP_NB,SEX_T,OC2_ISCO88_92,2018,37212.39,,NB,PS,3,LFS - Periodic Labour Force Survey,Repository: ILO-STATISTICS - Micro data processing,,,1,,
ILO:DF_EMP_TEMP_SEX_OC2_NB(1.0),IND,A,EMP_TEMP_NB,SEX_T,OC2_ISCO88_93,2018,32268.045,,NB,PS,3,LFS - Periodic Labour Force Survey,Repository: ILO-STATISTICS - Micro data processing,,,1,,
ILO:DF_EMP_TEMP_SEX_OC2_NB(1.0),IND,A,EMP_TEMP_NB,SEX_T,OC2_ISCO88_X,2018,1757.708,,NB,PS,3,LFS - Periodic Labour Force Survey,Repository: ILO-STATISTICS - Micro data processing,,,1,,
ILO:DF_EMP_TEMP_SEX_OC2_NB(1.0),IND,A,EMP_TEMP_NB,SEX_M,OC2_ISCO88_TOTAL,2018,272384.529,,NB,PS,3,LFS - Periodic Labour Force Survey,Repository: ILO-STATISTICS - Micro data processing,,,1,,
ILO:DF_EMP_TEMP_SEX_OC2_NB(1.0),IND,A,EMP_TEMP_NB,SEX_M,OC2_ISCO88_11,2018,973.47,,NB,PS,3,LFS - Periodic Labour Force Survey,Repository: ILO-STATISTICS - Micro data processing,,,1,,
ILO:DF_EMP_TEMP_SEX_OC2_NB(1.0),IND,A,EMP_TEMP_NB,SEX_M,OC2_ISCO88_12,2018,22812.195,,NB,PS,3,LFS - Periodic Labour Force Survey,Repository: ILO-STATISTICS - Micro data processing,,,1,,
ILO:DF_EMP_TEMP_SEX_OC2_NB(1.0),IND,A,EMP_TEMP_NB,SEX_M,OC2_ISCO88_13,2018,731.646,,NB,PS,3,LFS - Periodic Labour Force Survey,Repository: ILO-STATISTICS - Micro data processing,,,1,,
ILO:DF_EMP_TEMP_SEX_OC2_NB(1.0),IND,A,EMP_TEMP_NB,SEX_M,OC2_ISCO88_21,2018,2657.978,,NB,PS,3,LFS - Periodic Labour Force Survey,Repository: ILO-STATISTICS - Micro data processing,,,1,,
ILO:DF_EMP_TEMP_SEX_OC2_NB(1.0),IND,A,EMP_TEMP_NB,SEX_M,OC2_ISCO88_22,2018,891.599,,NB,PS,3,LFS - Periodic Labour Force Survey,Repository: ILO-STATISTICS - Micro data processing,,,1,,
ILO:DF_EMP_TEMP_SEX_OC2_NB(1.0),IND,A,EMP_TEMP_NB,SEX_M,OC2_ISCO88_23,2018,3116.684,,NB,PS,3,LFS - Periodic Labour Force Survey,Repository: ILO-STATISTICS - Micro data processing,,,1,,
ILO:DF_EMP_TEMP_SEX_OC2_NB(1.0),IND,A,EMP_TEMP_NB,SEX_M,OC2_ISCO88_24,2018,4609.951,,NB,PS,3,LFS - Periodic Labour Force Survey,Repository: ILO-STATISTICS - Micro data processing,,,1,,
ILO:DF_EMP_TEMP_SEX_OC2_NB(1.0),IND,A,EMP_TEMP_NB,SEX_M,OC2_ISCO88_31,2018,1892.066,,NB,PS,3,LFS - Periodic Labour Force Survey,Repository: ILO-STATISTICS - Micro data processing,,,1,,
ILO:DF_EMP_TEMP_SEX_OC2_NB(1.0),IND,A,EMP_TEMP_NB,SEX_M,OC2_ISCO88_32,2018,808.127,,NB,PS,3,LFS - Periodic Labour Force Survey,Repository: ILO-STATISTICS - Micro data processing,,,1,,
ILO:DF_EMP_TEMP_SEX_OC2_NB(1.0),IND,A,EMP_TEMP_NB,SEX_M,OC2_ISCO88_33,2018,3118.02,,NB,PS,3,LFS - Periodic Labour Force Survey,Repository: ILO-STATISTICS - Micro data processing,,,1,,
ILO:DF_EMP_TEMP_SEX_OC2_NB(1.0),IND,A,EMP_TEMP_NB,SEX_M,OC2_ISCO88_34,2018,4205.056,,NB,PS,3,LFS - Periodic Labour Force Survey,Repository: ILO-STATISTICS - Micro data processing,,,1,,
ILO:DF_EMP_TEMP_SEX_OC2_NB(1.0),IND,A,EMP_TEMP_NB,SEX_M,OC2_ISCO88_41,2018,4999.887,,NB,PS,3,LFS - Periodic Labour Force Survey,Repository: ILO-STATISTICS - Micro data processing,,,1,,
ILO:DF_EMP_TEMP_SEX_OC2_NB(1.0),IND,A,EMP_TEMP_NB,SEX_M,OC2_ISCO88_42,2018,1101.172,,NB,PS,3,LFS - Periodic Labour Force Survey,Repository: ILO-STATISTICS - Micro data processing,,,1,,
ILO:DF_EMP_TEMP_SEX_OC2_NB(1.0),IND,A,EMP_TEMP_NB,SEX_M,OC2_ISCO88_51,2018,7581.243,,NB,PS,3,LFS - Periodic Labour Force Survey,Repository: ILO-STATISTICS - Micro data processing,,,1,,
ILO:DF_EMP_TEMP_SEX_OC2_NB(1.0),IND,A,EMP_TEMP_NB,SEX_M,OC2_ISCO88_52,2018,19686.079,,NB,PS,3,LFS - Periodic Labour Force Survey,Repository: ILO-STATISTICS - Micro data processing,,,1,,
ILO:DF_EMP_TEMP_SEX_OC2_NB(1.0),IND,A,EMP_TEMP_NB,SEX_M,OC2_ISCO88_61,2018,75173.342,,NB,PS,3,LFS - Periodic Labour Force Survey,Repository: ILO-STATISTICS - Micro data processing,,,1,,
ILO:DF_EMP_TEMP_SEX_OC2_NB(1.0),IND,A,EMP_TEMP_NB,SEX_M,OC2_ISCO88_62,2018,3088.224,,NB,PS,3,LFS - Periodic Labour Force Survey,Repository: ILO-STATISTICS - Micro data processing,,,1,,
ILO:DF_EMP_TEMP_SEX_OC2_NB(1.0),IND,A,EMP_TEMP_NB,SEX_M,OC2_ISCO88_71,2018,15779.471,,NB,PS,3,LFS - Periodic Labour Force Survey,Repository: ILO-STATISTICS - Micro data processing,,,1,,
ILO:DF_EMP_TEMP_SEX_OC2_NB(1.0),IND,A,EMP_TEMP_NB,SEX_M,OC2_ISCO88_72,2018,8061.671,,NB,PS,3,LFS - Periodic Labour Force Survey,Repository: ILO-STATISTICS - Micro data processing,,,1,,
ILO:DF_EMP_TEMP_SEX_OC2_NB(1.0),IND,A,EMP_TEMP_NB,SEX_M,OC2_ISCO88_73,2018,2282.74,,NB,PS,3,LFS - Periodic Labour Force Survey,Repository: ILO-STATISTICS - Micro data processing,,,1,,
ILO:DF_EMP_TEMP_SEX_OC2_NB(1.0),IND,A,EMP_TEMP_NB,SEX_M,OC2_ISCO88_74,2018,8064.355,,NB,PS,3,LFS - Periodic Labour Force Survey,Repository: ILO-STATISTICS - Micro data processing,,,1,,
ILO:DF_EMP_TEMP_SEX_OC2_NB(1.0),IND,A,EMP_TEMP_NB,SEX_M,OC2_ISCO88_81,2018,1341.873,,NB,PS,3,LFS - Periodic Labour Force Survey,Repository: ILO-STATISTICS - Micro data processing,,,1,,
ILO:DF_EMP_TEMP_SEX_OC2_NB(1.0),IND,A,EMP_TEMP_NB,SEX_M,OC2_ISCO88_82,2018,4359.221,,NB,PS,3,LFS - Periodic Labour Force Survey,Repository: ILO-STATISTICS - Micro data processing,,,1,,
ILO:DF_EMP_TEMP_SEX_OC2_NB(1.0),IND,A,EMP_TEMP_NB,SEX_M,OC2_ISCO88_83,2018,14032.818,,NB,PS,3,LFS - Periodic Labour Force Survey,Repository: ILO-STATISTICS - Micro data processing,,,1,,
ILO:DF_EMP_TEMP_SEX_OC2_NB(1.0),IND,A,EMP_TEMP_NB,SEX_M,OC2_ISCO88_91,2018,7055.7,,NB,PS,3,LFS - Periodic Labour Force Survey,Repository: ILO-STATISTICS - Micro data processing,,,1,,
ILO:DF_EMP_TEMP_SEX_OC2_NB(1.0),IND,A,EMP_TEMP_NB,SEX_M,OC2_ISCO88_92,2018,24236.596,,NB,PS,3,LFS - Periodic Labour Force Survey,Repository: ILO-STATISTICS - Micro data processing,,,1,,
ILO:DF_EMP_TEMP_SEX_OC2_NB(1.0),IND,A,EMP_TEMP_NB,SEX_M,OC2_ISCO88_93,2018,28606.462,,NB,PS,3,LFS - Periodic Labour Force Survey,Repository: ILO-STATISTICS - Micro data processing,,,1,,
ILO:DF_EMP_TEMP_SEX_OC2_NB(1.0),IND,A,EMP_TEMP_NB,SEX_M,OC2_ISCO88_X,2018,1116.886,,NB,PS,3,LFS - Periodic Labour Force Survey,Repository: ILO-STATISTICS - Micro data processing,,,1,,
ILO:DF_EMP_TEMP_SEX_OC2_NB(1.0),IND,A,EMP_TEMP_NB,SEX_F,OC2_ISCO88_TOTAL,2018,74952.427,,NB,PS,3,LFS - Periodic Labour Force Survey,Repository: ILO-STATISTICS - Micro data processing,,,1,,
ILO:DF_EMP_TEMP_SEX_OC2_NB(1.0),IND,A,EMP_TEMP_NB,SEX_F,OC2_ISCO88_11,2018,269.964,,NB,PS,3,LFS - Periodic Labour Force Survey,Repository: ILO-STATISTICS - Micro data processing,,,1,,
ILO:DF_EMP_TEMP_SEX_OC2_NB(1.0),IND,A,EMP_TEMP_NB,SEX_F,OC2_ISCO88_12,2018,3717.858,,NB,PS,3,LFS - Periodic Labour Force Survey,Repository: ILO-STATISTICS - Micro data processing,,,1,,
ILO:DF_EMP_TEMP_SEX_OC2_NB(1.0),IND,A,EMP_TEMP_NB,SEX_F,OC2_ISCO88_13,2018,48.478,,NB,PS,3,LFS - Periodic Labour Force Survey,Repository: ILO-STATISTICS - Micro data processing,,,1,,
ILO:DF_EMP_TEMP_SEX_OC2_NB(1.0),IND,A,EMP_TEMP_NB,SEX_F,OC2_ISCO88_21,2018,401.608,,NB,PS,3,LFS - Periodic Labour Force Survey,Repository: ILO-STATISTICS - Micro data processing,,,1,,
ILO:DF_EMP_TEMP_SEX_OC2_NB(1.0),IND,A,EMP_TEMP_NB,SEX_F,OC2_ISCO88_22,2018,696.661,,NB,PS,3,LFS - Periodic Labour Force Survey,Repository: ILO-STATISTICS - Micro data processing,,,1,,
ILO:DF_EMP_TEMP_SEX_OC2_NB(1.0),IND,A,EMP_TEMP_NB,SEX_F,OC2_ISCO88_23,2018,1949.472,,NB,PS,3,LFS - Periodic Labour Force Survey,Repository: ILO-STATISTICS - Micro data processing,,,1,,
ILO:DF_EMP_TEMP_SEX_OC2_NB(1.0),IND,A,EMP_TEMP_NB,SEX_F,OC2_ISCO88_24,2018,720.114,,NB,PS,3,LFS - Periodic Labour Force Survey,Repository: ILO-STATISTICS - Micro data processing,,,1,,
ILO:DF_EMP_TEMP_SEX_OC2_NB(1.0),IND,A,EMP_TEMP_NB,SEX_F,OC2_ISCO88_31,2018,282.905,,NB,PS,3,LFS - Periodic Labour Force Survey,Repository: ILO-STATISTICS - Micro data processing,,,1,,
ILO:DF_EMP_TEMP_SEX_OC2_NB(1.0),IND,A,EMP_TEMP_NB,SEX_F,OC2_ISCO88_32,2018,691.393,,NB,PS,3,LFS - Periodic Labour Force Survey,Repository: ILO-STATISTICS - Micro data processing,,,1,,
ILO:DF_EMP_TEMP_SEX_OC2_NB(1.0),IND,A,EMP_TEMP_NB,SEX_F,OC2_ISCO88_33,2018,3504.984,,NB,PS,3,LFS - Periodic Labour Force Survey,Repository: ILO-STATISTICS - Micro data processing,,,1,,
ILO:DF_EMP_TEMP_SEX_OC2_NB(1.0),IND,A,EMP_TEMP_NB,SEX_F,OC2_ISCO88_34,2018,640.111,,NB,PS,3,LFS - Periodic Labour Force Survey,Repository: ILO-STATISTICS - Micro data processing,,,1,,
ILO:DF_EMP_TEMP_SEX_OC2_NB(1.0),IND,A,EMP_TEMP_NB,SEX_F,OC2_ISCO88_41,2018,1080.179,,NB,PS,3,LFS - Periodic Labour Force Survey,Repository: ILO-STATISTICS - Micro data processing,,,1,,
ILO:DF_EMP_TEMP_SEX_OC2_NB(1.0),IND,A,EMP_TEMP_NB,SEX_F,OC2_ISCO88_42,2018,341.153,,NB,PS,3,LFS - Periodic Labour Force Survey,Repository: ILO-STATISTICS - Micro data processing,,,1,,
ILO:DF_EMP_TEMP_SEX_OC2_NB(1.0),IND,A,EMP_TEMP_NB,SEX_F,OC2_ISCO88_51,2018,3347.523,,NB,PS,3,LFS - Periodic Labour Force Survey,Repository: ILO-STATISTICS - Micro data processing,,,1,,
ILO:DF_EMP_TEMP_SEX_OC2_NB(1.0),IND,A,EMP_TEMP_NB,SEX_F,OC2_ISCO88_52,2018,2746.8,,NB,PS,3,LFS - Periodic Labour Force Survey,Repository: ILO-STATISTICS - Micro data processing,,,1,,
ILO:DF_EMP_TEMP_SEX_OC2_NB(1.0),IND,A,EMP_TEMP_NB,SEX_F,OC2_ISCO88_61,2018,23688.572,,NB,PS,3,LFS - Periodic Labour Force Survey,Repository: ILO-STATISTICS - Micro data processing,,,1,,
ILO:DF_EMP_TEMP_SEX_OC2_NB(1.0),IND,A,EMP_TEMP_NB,SEX_F,OC2_ISCO88_62,2018,1224.543,,NB,PS,3,LFS - Periodic Labour Force Survey,Repository: ILO-STATISTICS - Micro data processing,,,1,,
ILO:DF_EMP_TEMP_SEX_OC2_NB(1.0),IND,A,EMP_TEMP_NB,SEX_F,OC2_ISCO88_71,2018,747.468,,NB,PS,3,LFS - Periodic Labour Force Survey,Repository: ILO-STATISTICS - Micro data processing,,,1,,
ILO:DF_EMP_TEMP_SEX_OC2_NB(1.0),IND,A,EMP_TEMP_NB,SEX_F,OC2_ISCO88_72,2018,138.221,,NB,PS,3,LFS - Periodic Labour Force Survey,Repository: ILO-STATISTICS - Micro data processing,,,1,,
ILO:DF_EMP_TEMP_SEX_OC2_NB(1.0),IND,A,EMP_TEMP_NB,SEX_F,OC2_ISCO88_73,2018,465.463,,NB,PS,3,LFS - Periodic Labour Force Survey,Repository: ILO-STATISTICS - Micro data processing,,,1,,
ILO:DF_EMP_TEMP_SEX_OC2_NB(1.0),IND,A,EMP_TEMP_NB,SEX_F,OC2_ISCO88_74,2018,6250.514,,NB,PS,3,LFS - Periodic Labour Force Survey,Repository: ILO-STATISTICS - Micro data processing,,,1,,
ILO:DF_EMP_TEMP_SEX_OC2_NB(1.0),IND,A,EMP_TEMP_NB,SEX_F,OC2_ISCO88_81,2018,105.365,,NB,PS,3,LFS - Periodic Labour Force Survey,Repository: ILO-STATISTICS - Micro data processing,,,1,,
ILO:DF_EMP_TEMP_SEX_OC2_NB(1.0),IND,A,EMP_TEMP_NB,SEX_F,OC2_ISCO88_82,2018,543.777,,NB,PS,3,LFS - Periodic Labour Force Survey,Repository: ILO-STATISTICS - Micro data processing,,,1,,
ILO:DF_EMP_TEMP_SEX_OC2_NB(1.0),IND,A,EMP_TEMP_NB,SEX_F,OC2_ISCO88_83,2018,81.004,,NB,PS,3,LFS - Periodic Labour Force Survey,Repository: ILO-STATISTICS - Micro data processing,,,1,,
ILO:DF_EMP_TEMP_SEX_OC2_NB(1.0),IND,A,EMP_TEMP_NB,SEX_F,OC2_ISCO88_91,2018,3991.03,,NB,PS,3,LFS - Periodic Labour Force Survey,Repository: ILO-STATISTICS - Micro data processing,,,1,,
ILO:DF_EMP_TEMP_SEX_OC2_NB(1.0),IND,A,EMP_TEMP_NB,SEX_F,OC2_ISCO88_92,2018,12975.794,,NB,PS,3,LFS - Periodic Labour Force Survey,Repository: ILO-STATISTICS - Micro data processing,,,1,,
ILO:DF_EMP_TEMP_SEX_OC2_NB(1.0),IND,A,EMP_TEMP_NB,SEX_F,OC2_ISCO88_93,2018,3660.656,,NB,PS,3,LFS - Periodic Labour Force Survey,Repository: ILO-STATISTICS - Micro data processing,,,1,,
ILO:DF_EMP_TEMP_SEX_OC2_NB(1.0),IND,A,EMP_TEMP_NB,SEX_F,OC2_ISCO88_X,2018,640.822,,NB,PS,3,LFS - Periodic Labour Force Survey,Repository: ILO-STATISTICS - Micro data processing,,,1,,
ILO:DF_EMP_TEMP_SEX_OC2_NB(1.0),IND,A,EMP_TEMP_NB,SEX_T,OC2_ISCO88_TOTAL,2019,379952.36,,NB,PS,3,LFS - Periodic Labour Force Survey,Repository: ILO-STATISTICS - Micro data processing,,,1,,
ILO:DF_EMP_TEMP_SEX_OC2_NB(1.0),IND,A,EMP_TEMP_NB,SEX_T,OC2_ISCO88_11,2019,1022.177,,NB,PS,3,LFS - Periodic Labour Force Survey,Repository: ILO-STATISTICS - Micro data processing,,,1,,
ILO:DF_EMP_TEMP_SEX_OC2_NB(1.0),IND,A,EMP_TEMP_NB,SEX_T,OC2_ISCO88_12,2019,33172.012,,NB,PS,3,LFS - Periodic Labour Force Survey,Repository: ILO-STATISTICS - Micro data processing,,,1,,
ILO:DF_EMP_TEMP_SEX_OC2_NB(1.0),IND,A,EMP_TEMP_NB,SEX_T,OC2_ISCO88_13,2019,683.864,,NB,PS,3,LFS - Periodic Labour Force Survey,Repository: ILO-STATISTICS - Micro data processing,,,1,,
ILO:DF_EMP_TEMP_SEX_OC2_NB(1.0),IND,A,EMP_TEMP_NB,SEX_T,OC2_ISCO88_21,2019,3092.796,,NB,PS,3,LFS - Periodic Labour Force Survey,Repository: ILO-STATISTICS - Micro data processing,,,1,,
ILO:DF_EMP_TEMP_SEX_OC2_NB(1.0),IND,A,EMP_TEMP_NB,SEX_T,OC2_ISCO88_22,2019,1437.173,,NB,PS,3,LFS - Periodic Labour Force Survey,Repository: ILO-STATISTICS - Micro data processing,,,1,,
ILO:DF_EMP_TEMP_SEX_OC2_NB(1.0),IND,A,EMP_TEMP_NB,SEX_T,OC2_ISCO88_23,2019,5629.839,,NB,PS,3,LFS - Periodic Labour Force Survey,Repository: ILO-STATISTICS - Micro data processing,,,1,,
ILO:DF_EMP_TEMP_SEX_OC2_NB(1.0),IND,A,EMP_TEMP_NB,SEX_T,OC2_ISCO88_24,2019,6307.871,,NB,PS,3,LFS - Periodic Labour Force Survey,Repository: ILO-STATISTICS - Micro data processing,,,1,,
ILO:DF_EMP_TEMP_SEX_OC2_NB(1.0),IND,A,EMP_TEMP_NB,SEX_T,OC2_ISCO88_31,2019,2559.061,,NB,PS,3,LFS - Periodic Labour Force Survey,Repository: ILO-STATISTICS - Micro data processing,,,1,,
ILO:DF_EMP_TEMP_SEX_OC2_NB(1.0),IND,A,EMP_TEMP_NB,SEX_T,OC2_ISCO88_32,2019,1775.278,,NB,PS,3,LFS - Periodic Labour Force Survey,Repository: ILO-STATISTICS - Micro data processing,,,1,,
ILO:DF_EMP_TEMP_SEX_OC2_NB(1.0),IND,A,EMP_TEMP_NB,SEX_T,OC2_ISCO88_33,2019,6310.554,,NB,PS,3,LFS - Periodic Labour Force Survey,Repository: ILO-STATISTICS - Micro data processing,,,1,,
ILO:DF_EMP_TEMP_SEX_OC2_NB(1.0),IND,A,EMP_TEMP_NB,SEX_T,OC2_ISCO88_34,2019,4987.615,,NB,PS,3,LFS - Periodic Labour Force Survey,Repository: ILO-STATISTICS - Micro data processing,,,1,,
ILO:DF_EMP_TEMP_SEX_OC2_NB(1.0),IND,A,EMP_TEMP_NB,SEX_T,OC2_ISCO88_41,2019,7216.789,,NB,PS,3,LFS - Periodic Labour Force Survey,Repository: ILO-STATISTICS - Micro data processing,,,1,,
ILO:DF_EMP_TEMP_SEX_OC2_NB(1.0),IND,A,EMP_TEMP_NB,SEX_T,OC2_ISCO88_42,2019,1203.905,,NB,PS,3,LFS - Periodic Labour Force Survey,Repository: ILO-STATISTICS - Micro data processing,,,1,,
ILO:DF_EMP_TEMP_SEX_OC2_NB(1.0),IND,A,EMP_TEMP_NB,SEX_T,OC2_ISCO88_51,2019,12233.851,,NB,PS,3,LFS - Periodic Labour Force Survey,Repository: ILO-STATISTICS - Micro data processing,,,1,,
ILO:DF_EMP_TEMP_SEX_OC2_NB(1.0),IND,A,EMP_TEMP_NB,SEX_T,OC2_ISCO88_52,2019,25543.323,,NB,PS,3,LFS - Periodic Labour Force Survey,Repository: ILO-STATISTICS - Micro data processing,,,1,,
ILO:DF_EMP_TEMP_SEX_OC2_NB(1.0),IND,A,EMP_TEMP_NB,SEX_T,OC2_ISCO88_61,2019,107973.141,,NB,PS,3,LFS - Periodic Labour Force Survey,Repository: ILO-STATISTICS - Micro data processing,,,1,,
ILO:DF_EMP_TEMP_SEX_OC2_NB(1.0),IND,A,EMP_TEMP_NB,SEX_T,OC2_ISCO88_62,2019,3758.835,,NB,PS,3,LFS - Periodic Labour Force Survey,Repository: ILO-STATISTICS - Micro data processing,,,1,,
ILO:DF_EMP_TEMP_SEX_OC2_NB(1.0),IND,A,EMP_TEMP_NB,SEX_T,OC2_ISCO88_71,2019,19558.265,,NB,PS,3,LFS - Periodic Labour Force Survey,Repository: ILO-STATISTICS - Micro data processing,,,1,,
ILO:DF_EMP_TEMP_SEX_OC2_NB(1.0),IND,A,EMP_TEMP_NB,SEX_T,OC2_ISCO88_72,2019,7905.625,,NB,PS,3,LFS - Periodic Labour Force Survey,Repository: ILO-STATISTICS - Micro data processing,,,1,,
ILO:DF_EMP_TEMP_SEX_OC2_NB(1.0),IND,A,EMP_TEMP_NB,SEX_T,OC2_ISCO88_73,2019,2599.198,,NB,PS,3,LFS - Periodic Labour Force Survey,Repository: ILO-STATISTICS - Micro data processing,,,1,,
ILO:DF_EMP_TEMP_SEX_OC2_NB(1.0),IND,A,EMP_TEMP_NB,SEX_T,OC2_ISCO88_74,2019,14187.77,,NB,PS,3,LFS - Periodic Labour Force Survey,Repository: ILO-STATISTICS - Micro data processing,,,1,,
ILO:DF_EMP_TEMP_SEX_OC2_NB(1.0),IND,A,EMP_TEMP_NB,SEX_T,OC2_ISCO88_81,2019,1475.654,,NB,PS,3,LFS - Periodic Labour Force Survey,Repository: ILO-STATISTICS - Micro data processing,,,1,,
ILO:DF_EMP_TEMP_SEX_OC2_NB(1.0),IND,A,EMP_TEMP_NB,SEX_T,OC2_ISCO88_82,2019,5297.582,,NB,PS,3,LFS - Periodic Labour Force Survey,Repository: ILO-STATISTICS - Micro data processing,,,1,,
ILO:DF_EMP_TEMP_SEX_OC2_NB(1.0),IND,A,EMP_TEMP_NB,SEX_T,OC2_ISCO88_83,2019,14945.833,,NB,PS,3,LFS - Periodic Labour Force Survey,Repository: ILO-STATISTICS - Micro data processing,,,1,,
ILO:DF_EMP_TEMP_SEX_OC2_NB(1.0),IND,A,EMP_TEMP_NB,SEX_T,OC2_ISCO88_91,2019,11771.28,,NB,PS,3,LFS - Periodic Labour Force Survey,Repository: ILO-STATISTICS - Micro data processing,,,1,,
ILO:DF_EMP_TEMP_SEX_OC2_NB(1.0),IND,A,EMP_TEMP_NB,SEX_T,OC2_ISCO88_92,2019,39793.176,,NB,PS,3,LFS - Periodic Labour Force Survey,Repository: ILO-STATISTICS - Micro data processing,,,1,,
ILO:DF_EMP_TEMP_SEX_OC2_NB(1.0),IND,A,EMP_TEMP_NB,SEX_T,OC2_ISCO88_93,2019,34656.178,,NB,PS,3,LFS - Periodic Labour Force Survey,Repository: ILO-STATISTICS - Micro data processing,,,1,,
ILO:DF_EMP_TEMP_SEX_OC2_NB(1.0),IND,A,EMP_TEMP_NB,SEX_T,OC2_ISCO88_X,2019,2853.717,,NB,PS,3,LFS - Periodic Labour Force Survey,Repository: ILO-STATISTICS - Micro data processing,,,1,,
ILO:DF_EMP_TEMP_SEX_OC2_NB(1.0),IND,A,EMP_TEMP_NB,SEX_M,OC2_ISCO88_TOTAL,2019,287110.456,,NB,PS,3,LFS - Periodic Labour Force Survey,Repository: ILO-STATISTICS - Micro data processing,,,1,,
ILO:DF_EMP_TEMP_SEX_OC2_NB(1.0),IND,A,EMP_TEMP_NB,SEX_M,OC2_ISCO88_11,2019,863.843,,NB,PS,3,LFS - Periodic Labour Force Survey,Repository: ILO-STATISTICS - Micro data processing,,,1,,
ILO:DF_EMP_TEMP_SEX_OC2_NB(1.0),IND,A,EMP_TEMP_NB,SEX_M,OC2_ISCO88_12,2019,27516.875,,NB,PS,3,LFS - Periodic Labour Force Survey,Repository: ILO-STATISTICS - Micro data processing,,,1,,
ILO:DF_EMP_TEMP_SEX_OC2_NB(1.0),IND,A,EMP_TEMP_NB,SEX_M,OC2_ISCO88_13,2019,596.897,,NB,PS,3,LFS - Periodic Labour Force Survey,Repository: ILO-STATISTICS - Micro data processing,,,1,,
ILO:DF_EMP_TEMP_SEX_OC2_NB(1.0),IND,A,EMP_TEMP_NB,SEX_M,OC2_ISCO88_21,2019,2539.501,,NB,PS,3,LFS - Periodic Labour Force Survey,Repository: ILO-STATISTICS - Micro data processing,,,1,,
ILO:DF_EMP_TEMP_SEX_OC2_NB(1.0),IND,A,EMP_TEMP_NB,SEX_M,OC2_ISCO88_22,2019,711.483,,NB,PS,3,LFS - Periodic Labour Force Survey,Repository: ILO-STATISTICS - Micro data processing,,,1,,
ILO:DF_EMP_TEMP_SEX_OC2_NB(1.0),IND,A,EMP_TEMP_NB,SEX_M,OC2_ISCO88_23,2019,3175.604,,NB,PS,3,LFS - Periodic Labour Force Survey,Repository: ILO-STATISTICS - Micro data processing,,,1,,
ILO:DF_EMP_TEMP_SEX_OC2_NB(1.0),IND,A,EMP_TEMP_NB,SEX_M,OC2_ISCO88_24,2019,5274.587,,NB,PS,3,LFS - Periodic Labour Force Survey,Repository: ILO-STATISTICS - Micro data processing,,,1,,
ILO:DF_EMP_TEMP_SEX_OC2_NB(1.0),IND,A,EMP_TEMP_NB,SEX_M,OC2_ISCO88_31,2019,2025.272,,NB,PS,3,LFS - Periodic Labour Force Survey,Repository: ILO-STATISTICS - Micro data processing,,,1,,
ILO:DF_EMP_TEMP_SEX_OC2_NB(1.0),IND,A,EMP_TEMP_NB,SEX_M,OC2_ISCO88_32,2019,889.498,,NB,PS,3,LFS - Periodic Labour Force Survey,Repository: ILO-STATISTICS - Micro data processing,,,1,,
ILO:DF_EMP_TEMP_SEX_OC2_NB(1.0),IND,A,EMP_TEMP_NB,SEX_M,OC2_ISCO88_33,2019,2907.429,,NB,PS,3,LFS - Periodic Labour Force Survey,Repository: ILO-STATISTICS - Micro data processing,,,1,,
ILO:DF_EMP_TEMP_SEX_OC2_NB(1.0),IND,A,EMP_TEMP_NB,SEX_M,OC2_ISCO88_34,2019,4216.93,,NB,PS,3,LFS - Periodic Labour Force Survey,Repository: ILO-STATISTICS - Micro data processing,,,1,,
ILO:DF_EMP_TEMP_SEX_OC2_NB(1.0),IND,A,EMP_TEMP_NB,SEX_M,OC2_ISCO88_41,2019,5659.597,,NB,PS,3,LFS - Periodic Labour Force Survey,Repository: ILO-STATISTICS - Micro data processing,,,1,,
ILO:DF_EMP_TEMP_SEX_OC2_NB(1.0),IND,A,EMP_TEMP_NB,SEX_M,OC2_ISCO88_42,2019,920.846,,NB,PS,3,LFS - Periodic Labour Force Survey,Repository: ILO-STATISTICS - Micro data processing,,,1,,
ILO:DF_EMP_TEMP_SEX_OC2_NB(1.0),IND,A,EMP_TEMP_NB,SEX_M,OC2_ISCO88_51,2019,8270.578,,NB,PS,3,LFS - Periodic Labour Force Survey,Repository: ILO-STATISTICS - Micro data processing,,,1,,
ILO:DF_EMP_TEMP_SEX_OC2_NB(1.0),IND,A,EMP_TEMP_NB,SEX_M,OC2_ISCO88_52,2019,22258.911,,NB,PS,3,LFS - Periodic Labour Force Survey,Repository: ILO-STATISTICS - Micro data processing,,,1,,
ILO:DF_EMP_TEMP_SEX_OC2_NB(1.0),IND,A,EMP_TEMP_NB,SEX_M,OC2_ISCO88_61,2019,76788.156,,NB,PS,3,LFS - Periodic Labour Force Survey,Repository: ILO-STATISTICS - Micro data processing,,,1,,
ILO:DF_EMP_TEMP_SEX_OC2_NB(1.0),IND,A,EMP_TEMP_NB,SEX_M,OC2_ISCO88_62,2019,2635.457,,NB,PS,3,LFS - Periodic Labour Force Survey,Repository: ILO-STATISTICS - Micro data processing,,,1,,
ILO:DF_EMP_TEMP_SEX_OC2_NB(1.0),IND,A,EMP_TEMP_NB,SEX_M,OC2_ISCO88_71,2019,18156.962,,NB,PS,3,LFS - Periodic Labour Force Survey,Repository: ILO-STATISTICS - Micro data processing,,,1,,
ILO:DF_EMP_TEMP_SEX_OC2_NB(1.0),IND,A,EMP_TEMP_NB,SEX_M,OC2_ISCO88_72,2019,7693.224,,NB,PS,3,LFS - Periodic Labour Force Survey,Repository: ILO-STATISTICS - Micro data processing,,,1,,
ILO:DF_EMP_TEMP_SEX_OC2_NB(1.0),IND,A,EMP_TEMP_NB,SEX_M,OC2_ISCO88_73,2019,2178.279,,NB,PS,3,LFS - Periodic Labour Force Survey,Repository: ILO-STATISTICS - Micro data processing,,,1,,
ILO:DF_EMP_TEMP_SEX_OC2_NB(1.0),IND,A,EMP_TEMP_NB,SEX_M,OC2_ISCO88_74,2019,7465.247,,NB,PS,3,LFS - Periodic Labour Force Survey,Repository: ILO-STATISTICS - Micro data processing,,,1,,
ILO:DF_EMP_TEMP_SEX_OC2_NB(1.0),IND,A,EMP_TEMP_NB,SEX_M,OC2_ISCO88_81,2019,1324.135,,NB,PS,3,LFS - Periodic Labour Force Survey,Repository: ILO-STATISTICS - Micro data processing,,,1,,
ILO:DF_EMP_TEMP_SEX_OC2_NB(1.0),IND,A,EMP_TEMP_NB,SEX_M,OC2_ISCO88_82,2019,4698.476,,NB,PS,3,LFS - Periodic Labour Force Survey,Repository: ILO-STATISTICS - Micro data processing,,,1,,
ILO:DF_EMP_TEMP_SEX_OC2_NB(1.0),IND,A,EMP_TEMP_NB,SEX_M,OC2_ISCO88_83,2019,14791.973,,NB,PS,3,LFS - Periodic Labour Force Survey,Repository: ILO-STATISTICS - Micro data processing,,,1,,
ILO:DF_EMP_TEMP_SEX_OC2_NB(1.0),IND,A,EMP_TEMP_NB,SEX_M,OC2_ISCO88_91,2019,7328.465,,NB,PS,3,LFS - Periodic Labour Force Survey,Repository: ILO-STATISTICS - Micro data processing,,,1,,
ILO:DF_EMP_TEMP_SEX_OC2_NB(1.0),IND,A,EMP_TEMP_NB,SEX_M,OC2_ISCO88_92,2019,24086.709,,NB,PS,3,LFS - Periodic Labour Force Survey,Repository: ILO-STATISTICS - Micro data processing,,,1,,
ILO:DF_EMP_TEMP_SEX_OC2_NB(1.0),IND,A,EMP_TEMP_NB,SEX_M,OC2_ISCO88_93,2019,30074.553,,NB,PS,3,LFS - Periodic Labour Force Survey,Repository: ILO-STATISTICS - Micro data processing,,,1,,
ILO:DF_EMP_TEMP_SEX_OC2_NB(1.0),IND,A,EMP_TEMP_NB,SEX_M,OC2_ISCO88_X,2019,2060.971,,NB,PS,3,LFS - Periodic Labour Force Survey,Repository: ILO-STATISTICS - Micro data processing,,,1,,
ILO:DF_EMP_TEMP_SEX_OC2_NB(1.0),IND,A,EMP_TEMP_NB,SEX_F,OC2_ISCO88_TOTAL,2019,92743.911,,NB,PS,3,LFS - Periodic Labour Force Survey,Repository: ILO-STATISTICS - Micro data processing,,,1,,
ILO:DF_EMP_TEMP_SEX_OC2_NB(1.0),IND,A,EMP_TEMP_NB,SEX_F,OC2_ISCO88_11,2019,158.334,,NB,PS,3,LFS - Periodic Labour Force Survey,Repository: ILO-STATISTICS - Micro data processing,,,1,,
ILO:DF_EMP_TEMP_SEX_OC2_NB(1.0),IND,A,EMP_TEMP_NB,SEX_F,OC2_ISCO88_12,2019,5655.138,,NB,PS,3,LFS - Periodic Labour Force Survey,Repository: ILO-STATISTICS - Micro data processing,,,1,,
ILO:DF_EMP_TEMP_SEX_OC2_NB(1.0),IND,A,EMP_TEMP_NB,SEX_F,OC2_ISCO88_13,2019,86.966,,NB,PS,3,LFS - Periodic Labour Force Survey,Repository: ILO-STATISTICS - Micro data processing,,,1,,
ILO:DF_EMP_TEMP_SEX_OC2_NB(1.0),IND,A,EMP_TEMP_NB,SEX_F,OC2_ISCO88_21,2019,553.296,,NB,PS,3,LFS - Periodic Labour Force Survey,Repository: ILO-STATISTICS - Micro data processing,,,1,,
ILO:DF_EMP_TEMP_SEX_OC2_NB(1.0),IND,A,EMP_TEMP_NB,SEX_F,OC2_ISCO88_22,2019,719.354,,NB,PS,3,LFS - Periodic Labour Force Survey,Repository: ILO-STATISTICS - Micro data processing,,,1,,
ILO:DF_EMP_TEMP_SEX_OC2_NB(1.0),IND,A,EMP_TEMP_NB,SEX_F,OC2_ISCO88_23,2019,2451.252,,NB,PS,3,LFS - Periodic Labour Force Survey,Repository: ILO-STATISTICS - Micro data processing,,,1,,
ILO:DF_EMP_TEMP_SEX_OC2_NB(1.0),IND,A,EMP_TEMP_NB,SEX_F,OC2_ISCO88_24,2019,1033.284,,NB,PS,3,LFS - Periodic Labour Force Survey,Repository: ILO-STATISTICS - Micro data processing,,,1,,
ILO:DF_EMP_TEMP_SEX_OC2_NB(1.0),IND,A,EMP_TEMP_NB,SEX_F,OC2_ISCO88_31,2019,533.789,,NB,PS,3,LFS - Periodic Labour Force Survey,Repository: ILO-STATISTICS - Micro data processing,,,1,,
ILO:DF_EMP_TEMP_SEX_OC2_NB(1.0),IND,A,EMP_TEMP_NB,SEX_F,OC2_ISCO88_32,2019,885.78,,NB,PS,3,LFS - Periodic Labour Force Survey,Repository: ILO-STATISTICS - Micro data processing,,,1,,
ILO:DF_EMP_TEMP_SEX_OC2_NB(1.0),IND,A,EMP_TEMP_NB,SEX_F,OC2_ISCO88_33,2019,3403.125,,NB,PS,3,LFS - Periodic Labour Force Survey,Repository: ILO-STATISTICS - Micro data processing,,,1,,
ILO:DF_EMP_TEMP_SEX_OC2_NB(1.0),IND,A,EMP_TEMP_NB,SEX_F,OC2_ISCO88_34,2019,770.11,,NB,PS,3,LFS - Periodic Labour Force Survey,Repository: ILO-STATISTICS - Micro data processing,,,1,,
ILO:DF_EMP_TEMP_SEX_OC2_NB(1.0),IND,A,EMP_TEMP_NB,SEX_F,OC2_ISCO88_41,2019,1555.782,,NB,PS,3,LFS - Periodic Labour Force Survey,Repository: ILO-STATISTICS - Micro data processing,,,1,,
ILO:DF_EMP_TEMP_SEX_OC2_NB(1.0),IND,A,EMP_TEMP_NB,SEX_F,OC2_ISCO88_42,2019,283.059,,NB,PS,3,LFS - Periodic Labour Force Survey,Repository: ILO-STATISTICS - Micro data processing,,,1,,
ILO:DF_EMP_TEMP_SEX_OC2_NB(1.0),IND,A,EMP_TEMP_NB,SEX_F,OC2_ISCO88_51,2019,3962.019,,NB,PS,3,LFS - Periodic Labour Force Survey,Repository: ILO-STATISTICS - Micro data processing,,,1,,
ILO:DF_EMP_TEMP_SEX_OC2_NB(1.0),IND,A,EMP_TEMP_NB,SEX_F,OC2_ISCO88_52,2019,3279.92,,NB,PS,3,LFS - Periodic Labour Force Survey,Repository: ILO-STATISTICS - Micro data processing,,,1,,
ILO:DF_EMP_TEMP_SEX_OC2_NB(1.0),IND,A,EMP_TEMP_NB,SEX_F,OC2_ISCO88_61,2019,31127.736,,NB,PS,3,LFS - Periodic Labour Force Survey,Repository: ILO-STATISTICS - Micro data processing,,,1,,
ILO:DF_EMP_TEMP_SEX_OC2_NB(1.0),IND,A,EMP_TEMP_NB,SEX_F,OC2_ISCO88_62,2019,1123.378,,NB,PS,3,LFS - Periodic Labour Force Survey,Repository: ILO-STATISTICS - Micro data processing,,,1,,
ILO:DF_EMP_TEMP_SEX_OC2_NB(1.0),IND,A,EMP_TEMP_NB,SEX_F,OC2_ISCO88_71,2019,1400.056,,NB,PS,3,LFS - Periodic Labour Force Survey,Repository: ILO-STATISTICS - Micro data processing,,,1,,
ILO:DF_EMP_TEMP_SEX_OC2_NB(1.0),IND,A,EMP_TEMP_NB,SEX_F,OC2_ISCO88_72,2019,212.401,,NB,PS,3,LFS - Periodic Labour Force Survey,Repository: ILO-STATISTICS - Micro data processing,,,1,,
ILO:DF_EMP_TEMP_SEX_OC2_NB(1.0),IND,A,EMP_TEMP_NB,SEX_F,OC2_ISCO88_73,2019,420.589,,NB,PS,3,LFS - Periodic Labour Force Survey,Repository: ILO-STATISTICS - Micro data processing,,,1,,
ILO:DF_EMP_TEMP_SEX_OC2_NB(1.0),IND,A,EMP_TEMP_NB,SEX_F,OC2_ISCO88_74,2019,6722.523,,NB,PS,3,LFS - Periodic Labour Force Survey,Repository: ILO-STATISTICS - Micro data processing,,,1,,
ILO:DF_EMP_TEMP_SEX_OC2_NB(1.0),IND,A,EMP_TEMP_NB,SEX_F,OC2_ISCO88_81,2019,151.519,,NB,PS,3,LFS - Periodic Labour Force Survey,Repository: ILO-STATISTICS - Micro data processing,,,1,,
ILO:DF_EMP_TEMP_SEX_OC2_NB(1.0),IND,A,EMP_TEMP_NB,SEX_F,OC2_ISCO88_82,2019,599.106,,NB,PS,3,LFS - Periodic Labour Force Survey,Repository: ILO-STATISTICS - Micro data processing,,,1,,
ILO:DF_EMP_TEMP_SEX_OC2_NB(1.0),IND,A,EMP_TEMP_NB,SEX_F,OC2_ISCO88_83,2019,152.951,,NB,PS,3,LFS - Periodic Labour Force Survey,Repository: ILO-STATISTICS - Micro data processing,,,1,,
ILO:DF_EMP_TEMP_SEX_OC2_NB(1.0),IND,A,EMP_TEMP_NB,SEX_F,OC2_ISCO88_91,2019,4441.692,,NB,PS,3,LFS - Periodic Labour Force Survey,Repository: ILO-STATISTICS - Micro data processing,,,1,,
ILO:DF_EMP_TEMP_SEX_OC2_NB(1.0),IND,A,EMP_TEMP_NB,SEX_F,OC2_ISCO88_92,2019,15694.415,,NB,PS,3,LFS - Periodic Labour Force Survey,Repository: ILO-STATISTICS - Micro data processing,,,1,,
ILO:DF_EMP_TEMP_SEX_OC2_NB(1.0),IND,A,EMP_TEMP_NB,SEX_F,OC2_ISCO88_93,2019,4573.592,,NB,PS,3,LFS - Periodic Labour Force Survey,Repository: ILO-STATISTICS - Micro data processing,,,1,,
ILO:DF_EMP_TEMP_SEX_OC2_NB(1.0),IND,A,EMP_TEMP_NB,SEX_F,OC2_ISCO88_X,2019,792.746,,NB,PS,3,LFS - Periodic Labour Force Survey,Repository: ILO-STATISTICS - Micro data processing,,,1,,
ILO:DF_EMP_TEMP_SEX_OC2_NB(1.0),IND,A,EMP_TEMP_NB,SEX_T,OC2_ISCO88_TOTAL,2020,386824.866,,NB,PS,3,LFS - Periodic Labour Force Survey,Repository: ILO-STATISTICS - Micro data processing,,,1,,
ILO:DF_EMP_TEMP_SEX_OC2_NB(1.0),IND,A,EMP_TEMP_NB,SEX_T,OC2_ISCO88_11,2020,888.185,,NB,PS,3,LFS - Periodic Labour Force Survey,Repository: ILO-STATISTICS - Micro data processing,,,1,,
ILO:DF_EMP_TEMP_SEX_OC2_NB(1.0),IND,A,EMP_TEMP_NB,SEX_T,OC2_ISCO88_12,2020,33757.669,,NB,PS,3,LFS - Periodic Labour Force Survey,Repository: ILO-STATISTICS - Micro data processing,,,1,,
ILO:DF_EMP_TEMP_SEX_OC2_NB(1.0),IND,A,EMP_TEMP_NB,SEX_T,OC2_ISCO88_13,2020,549.277,,NB,PS,3,LFS - Periodic Labour Force Survey,Repository: ILO-STATISTICS - Micro data processing,,,1,,
ILO:DF_EMP_TEMP_SEX_OC2_NB(1.0),IND,A,EMP_TEMP_NB,SEX_T,OC2_ISCO88_21,2020,3410.865,,NB,PS,3,LFS - Periodic Labour Force Survey,Repository: ILO-STATISTICS - Micro data processing,,,1,,
ILO:DF_EMP_TEMP_SEX_OC2_NB(1.0),IND,A,EMP_TEMP_NB,SEX_T,OC2_ISCO88_22,2020,1632.616,,NB,PS,3,LFS - Periodic Labour Force Survey,Repository: ILO-STATISTICS - Micro data processing,,,1,,
ILO:DF_EMP_TEMP_SEX_OC2_NB(1.0),IND,A,EMP_TEMP_NB,SEX_T,OC2_ISCO88_23,2020,5100.152,,NB,PS,3,LFS - Periodic Labour Force Survey,Repository: ILO-STATISTICS - Micro data processing,,,1,,
ILO:DF_EMP_TEMP_SEX_OC2_NB(1.0),IND,A,EMP_TEMP_NB,SEX_T,OC2_ISCO88_24,2020,5563.019,,NB,PS,3,LFS - Periodic Labour Force Survey,Repository: ILO-STATISTICS - Micro data processing,,,1,,
ILO:DF_EMP_TEMP_SEX_OC2_NB(1.0),IND,A,EMP_TEMP_NB,SEX_T,OC2_ISCO88_31,2020,1944.809,,NB,PS,3,LFS - Periodic Labour Force Survey,Repository: ILO-STATISTICS - Micro data processing,,,1,,
ILO:DF_EMP_TEMP_SEX_OC2_NB(1.0),IND,A,EMP_TEMP_NB,SEX_T,OC2_ISCO88_32,2020,2220.523,,NB,PS,3,LFS - Periodic Labour Force Survey,Repository: ILO-STATISTICS - Micro data processing,,,1,,
ILO:DF_EMP_TEMP_SEX_OC2_NB(1.0),IND,A,EMP_TEMP_NB,SEX_T,OC2_ISCO88_33,2020,5381.333,,NB,PS,3,LFS - Periodic Labour Force Survey,Repository: ILO-STATISTICS - Micro data processing,,,1,,
ILO:DF_EMP_TEMP_SEX_OC2_NB(1.0),IND,A,EMP_TEMP_NB,SEX_T,OC2_ISCO88_34,2020,4783.983,,NB,PS,3,LFS - Periodic Labour Force Survey,Repository: ILO-STATISTICS - Micro data processing,,,1,,
ILO:DF_EMP_TEMP_SEX_OC2_NB(1.0),IND,A,EMP_TEMP_NB,SEX_T,OC2_ISCO88_41,2020,6406.997,,NB,PS,3,LFS - Periodic Labour Force Survey,Repository: ILO-STATISTICS - Micro data processing,,,1,,
ILO:DF_EMP_TEMP_SEX_OC2_NB(1.0),IND,A,EMP_TEMP_NB,SEX_T,OC2_ISCO88_42,2020,1123.817,,NB,PS,3,LFS - Periodic Labour Force Survey,Repository: ILO-STATISTICS - Micro data processing,,,1,,
ILO:DF_EMP_TEMP_SEX_OC2_NB(1.0),IND,A,EMP_TEMP_NB,SEX_T,OC2_ISCO88_51,2020,11222.427,,NB,PS,3,LFS - Periodic Labour Force Survey,Repository: ILO-STATISTICS - Micro data processing,,,1,,
ILO:DF_EMP_TEMP_SEX_OC2_NB(1.0),IND,A,EMP_TEMP_NB,SEX_T,OC2_ISCO88_52,2020,22291.794,,NB,PS,3,LFS - Periodic Labour Force Survey,Repository: ILO-STATISTICS - Micro data processing,,,1,,
ILO:DF_EMP_TEMP_SEX_OC2_NB(1.0),IND,A,EMP_TEMP_NB,SEX_T,OC2_ISCO88_61,2020,128396.835,,NB,PS,3,LFS - Periodic Labour Force Survey,Repository: ILO-STATISTICS - Micro data processing,,,1,,
ILO:DF_EMP_TEMP_SEX_OC2_NB(1.0),IND,A,EMP_TEMP_NB,SEX_T,OC2_ISCO88_62,2020,4456.897,,NB,PS,3,LFS - Periodic Labour Force Survey,Repository: ILO-STATISTICS - Micro data processing,,,1,,
ILO:DF_EMP_TEMP_SEX_OC2_NB(1.0),IND,A,EMP_TEMP_NB,SEX_T,OC2_ISCO88_71,2020,20514.05,,NB,PS,3,LFS - Periodic Labour Force Survey,Repository: ILO-STATISTICS - Micro data processing,,,1,,
ILO:DF_EMP_TEMP_SEX_OC2_NB(1.0),IND,A,EMP_TEMP_NB,SEX_T,OC2_ISCO88_72,2020,7609.063,,NB,PS,3,LFS - Periodic Labour Force Survey,Repository: ILO-STATISTICS - Micro data processing,,,1,,
ILO:DF_EMP_TEMP_SEX_OC2_NB(1.0),IND,A,EMP_TEMP_NB,SEX_T,OC2_ISCO88_73,2020,2748.09,,NB,PS,3,LFS - Periodic Labour Force Survey,Repository: ILO-STATISTICS - Micro data processing,,,1,,
ILO:DF_EMP_TEMP_SEX_OC2_NB(1.0),IND,A,EMP_TEMP_NB,SEX_T,OC2_ISCO88_74,2020,13327.865,,NB,PS,3,LFS - Periodic Labour Force Survey,Repository: ILO-STATISTICS - Micro data processing,,,1,,
ILO:DF_EMP_TEMP_SEX_OC2_NB(1.0),IND,A,EMP_TEMP_NB,SEX_T,OC2_ISCO88_81,2020,1645.092,,NB,PS,3,LFS - Periodic Labour Force Survey,Repository: ILO-STATISTICS - Micro data processing,,,1,,
ILO:DF_EMP_TEMP_SEX_OC2_NB(1.0),IND,A,EMP_TEMP_NB,SEX_T,OC2_ISCO88_82,2020,4854.99,,NB,PS,3,LFS - Periodic Labour Force Survey,Repository: ILO-STATISTICS - Micro data processing,,,1,,
ILO:DF_EMP_TEMP_SEX_OC2_NB(1.0),IND,A,EMP_TEMP_NB,SEX_T,OC2_ISCO88_83,2020,13392.214,,NB,PS,3,LFS - Periodic Labour Force Survey,Repository: ILO-STATISTICS - Micro data processing,,,1,,
ILO:DF_EMP_TEMP_SEX_OC2_NB(1.0),IND,A,EMP_TEMP_NB,SEX_T,OC2_ISCO88_91,2020,12386.47,,NB,PS,3,LFS - Periodic Labour Force Survey,Repository: ILO-STATISTICS - Micro data processing,,,1,,
ILO:DF_EMP_TEMP_SEX_OC2_NB(1.0),IND,A,EMP_TEMP_NB,SEX_T,OC2_ISCO88_92,2020,37798.598,,NB,PS,3,LFS - Periodic Labour Force Survey,Repository: ILO-STATISTICS - Micro data processing,,,1,,
ILO:DF_EMP_TEMP_SEX_OC2_NB(1.0),IND,A,EMP_TEMP_NB,SEX_T,OC2_ISCO88_93,2020,31494.035,,NB,PS,3,LFS - Periodic Labour Force Survey,Repository: ILO-STATISTICS - Micro data processing,,,1,,
ILO:DF_EMP_TEMP_SEX_OC2_NB(1.0),IND,A,EMP_TEMP_NB,SEX_T,OC2_ISCO88_X,2020,1923.202,,NB,PS,3,LFS - Periodic Labour Force Survey,Repository: ILO-STATISTICS - Micro data processing,,,1,,
ILO:DF_EMP_TEMP_SEX_OC2_NB(1.0),IND,A,EMP_TEMP_NB,SEX_M,OC2_ISCO88_TOTAL,2020,286314.662,,NB,PS,3,LFS - Periodic Labour Force Survey,Repository: ILO-STATISTICS - Micro data processing,,,1,,
ILO:DF_EMP_TEMP_SEX_OC2_NB(1.0),IND,A,EMP_TEMP_NB,SEX_M,OC2_ISCO88_11,2020,717.842,,NB,PS,3,LFS - Periodic Labour Force Survey,Repository: ILO-STATISTICS - Micro data processing,,,1,,
ILO:DF_EMP_TEMP_SEX_OC2_NB(1.0),IND,A,EMP_TEMP_NB,SEX_M,OC2_ISCO88_12,2020,27923.79,,NB,PS,3,LFS - Periodic Labour Force Survey,Repository: ILO-STATISTICS - Micro data processing,,,1,,
ILO:DF_EMP_TEMP_SEX_OC2_NB(1.0),IND,A,EMP_TEMP_NB,SEX_M,OC2_ISCO88_13,2020,502.515,,NB,PS,3,LFS - Periodic Labour Force Survey,Repository: ILO-STATISTICS - Micro data processing,,,1,,
ILO:DF_EMP_TEMP_SEX_OC2_NB(1.0),IND,A,EMP_TEMP_NB,SEX_M,OC2_ISCO88_21,2020,2736.208,,NB,PS,3,LFS - Periodic Labour Force Survey,Repository: ILO-STATISTICS - Micro data processing,,,1,,
ILO:DF_EMP_TEMP_SEX_OC2_NB(1.0),IND,A,EMP_TEMP_NB,SEX_M,OC2_ISCO88_22,2020,1051.308,,NB,PS,3,LFS - Periodic Labour Force Survey,Repository: ILO-STATISTICS - Micro data processing,,,1,,
ILO:DF_EMP_TEMP_SEX_OC2_NB(1.0),IND,A,EMP_TEMP_NB,SEX_M,OC2_ISCO88_23,2020,2979.431,,NB,PS,3,LFS - Periodic Labour Force Survey,Repository: ILO-STATISTICS - Micro data processing,,,1,,
ILO:DF_EMP_TEMP_SEX_OC2_NB(1.0),IND,A,EMP_TEMP_NB,SEX_M,OC2_ISCO88_24,2020,4561.651,,NB,PS,3,LFS - Periodic Labour Force Survey,Repository: ILO-STATISTICS - Micro data processing,,,1,,
ILO:DF_EMP_TEMP_SEX_OC2_NB(1.0),IND,A,EMP_TEMP_NB,SEX_M,OC2_ISCO88_31,2020,1691.906,,NB,PS,3,LFS - Periodic Labour Force Survey,Repository: ILO-STATISTICS - Micro data processing,,,1,,
ILO:DF_EMP_TEMP_SEX_OC2_NB(1.0),IND,A,EMP_TEMP_NB,SEX_M,OC2_ISCO88_32,2020,876.917,,NB,PS,3,LFS - Periodic Labour Force Survey,Repository: ILO-STATISTICS - Micro data processing,,,1,,
ILO:DF_EMP_TEMP_SEX_OC2_NB(1.0),IND,A,EMP_TEMP_NB,SEX_M,OC2_ISCO88_33,2020,2337.399,,NB,PS,3,LFS - Periodic Labour Force Survey,Repository: ILO-STATISTICS - Micro data processing,,,1,,
ILO:DF_EMP_TEMP_SEX_OC2_NB(1.0),IND,A,EMP_TEMP_NB,SEX_M,OC2_ISCO88_34,2020,3975.693,,NB,PS,3,LFS - Periodic Labour Force Survey,Repository: ILO-STATISTICS - Micro data processing,,,1,,
ILO:DF_EMP_TEMP_SEX_OC2_NB(1.0),IND,A,EMP_TEMP_NB,SEX_M,OC2_ISCO88_41,2020,5161.868,,NB,PS,3,LFS - Periodic Labour Force Survey,Repository: ILO-STATISTICS - Micro data processing,,,1,,
ILO:DF_EMP_TEMP_SEX_OC2_NB(1.0),IND,A,EMP_TEMP_NB,SEX_M,OC2_ISCO88_42,2020,862.379,,NB,PS,3,LFS - Periodic Labour Force Survey,Repository: ILO-STATISTICS - Micro data processing,,,1,,
ILO:DF_EMP_TEMP_SEX_OC2_NB(1.0),IND,A,EMP_TEMP_NB,SEX_M,OC2_ISCO88_51,2020,7629.768,,NB,PS,3,LFS - Periodic Labour Force Survey,Repository: ILO-STATISTICS - Micro data processing,,,1,,
ILO:DF_EMP_TEMP_SEX_OC2_NB(1.0),IND,A,EMP_TEMP_NB,SEX_M,OC2_ISCO88_52,2020,19258.781,,NB,PS,3,LFS - Periodic Labour Force Survey,Repository: ILO-STATISTICS - Micro data processing,,,1,,
ILO:DF_EMP_TEMP_SEX_OC2_NB(1.0),IND,A,EMP_TEMP_NB,SEX_M,OC2_ISCO88_61,2020,88076.426,,NB,PS,3,LFS - Periodic Labour Force Survey,Repository: ILO-STATISTICS - Micro data processing,,,1,,
ILO:DF_EMP_TEMP_SEX_OC2_NB(1.0),IND,A,EMP_TEMP_NB,SEX_M,OC2_ISCO88_62,2020,2981.156,,NB,PS,3,LFS - Periodic Labour Force Survey,Repository: ILO-STATISTICS - Micro data processing,,,1,,
ILO:DF_EMP_TEMP_SEX_OC2_NB(1.0),IND,A,EMP_TEMP_NB,SEX_M,OC2_ISCO88_71,2020,19420.046,,NB,PS,3,LFS - Periodic Labour Force Survey,Repository: ILO-STATISTICS - Micro data processing,,,1,,
ILO:DF_EMP_TEMP_SEX_OC2_NB(1.0),IND,A,EMP_TEMP_NB,SEX_M,OC2_ISCO88_72,2020,7402.214,,NB,PS,3,LFS - Periodic Labour Force Survey,Repository: ILO-STATISTICS - Micro data processing,,,1,,
ILO:DF_EMP_TEMP_SEX_OC2_NB(1.0),IND,A,EMP_TEMP_NB,SEX_M,OC2_ISCO88_73,2020,2291.203,,NB,PS,3,LFS - Periodic Labour Force Survey,Repository: ILO-STATISTICS - Micro data processing,,,1,,
ILO:DF_EMP_TEMP_SEX_OC2_NB(1.0),IND,A,EMP_TEMP_NB,SEX_M,OC2_ISCO88_74,2020,7258.808,,NB,PS,3,LFS - Periodic Labour Force Survey,Repository: ILO-STATISTICS - Micro data processing,,,1,,
ILO:DF_EMP_TEMP_SEX_OC2_NB(1.0),IND,A,EMP_TEMP_NB,SEX_M,OC2_ISCO88_81,2020,1445.476,,NB,PS,3,LFS - Periodic Labour Force Survey,Repository: ILO-STATISTICS - Micro data processing,,,1,,
ILO:DF_EMP_TEMP_SEX_OC2_NB(1.0),IND,A,EMP_TEMP_NB,SEX_M,OC2_ISCO88_82,2020,4118.288,,NB,PS,3,LFS - Periodic Labour Force Survey,Repository: ILO-STATISTICS - Micro data processing,,,1,,
ILO:DF_EMP_TEMP_SEX_OC2_NB(1.0),IND,A,EMP_TEMP_NB,SEX_M,OC2_ISCO88_83,2020,13301.057,,NB,PS,3,LFS - Periodic Labour Force Survey,Repository: ILO-STATISTICS - Micro data processing,,,1,,
ILO:DF_EMP_TEMP_SEX_OC2_NB(1.0),IND,A,EMP_TEMP_NB,SEX_M,OC2_ISCO88_91,2020,7704.665,,NB,PS,3,LFS - Periodic Labour Force Survey,Repository: ILO-STATISTICS - Micro data processing,,,1,,
ILO:DF_EMP_TEMP_SEX_OC2_NB(1.0),IND,A,EMP_TEMP_NB,SEX_M,OC2_ISCO88_92,2020,21918.672,,NB,PS,3,LFS - Periodic Labour Force Survey,Repository: ILO-STATISTICS - Micro data processing,,,1,,
ILO:DF_EMP_TEMP_SEX_OC2_NB(1.0),IND,A,EMP_TEMP_NB,SEX_M,OC2_ISCO88_93,2020,26625.309,,NB,PS,3,LFS - Periodic Labour Force Survey,Repository: ILO-STATISTICS - Micro data processing,,,1,,
ILO:DF_EMP_TEMP_SEX_OC2_NB(1.0),IND,A,EMP_TEMP_NB,SEX_M,OC2_ISCO88_X,2020,1503.888,,NB,PS,3,LFS - Periodic Labour Force Survey,Repository: ILO-STATISTICS - Micro data processing,,,1,,
ILO:DF_EMP_TEMP_SEX_OC2_NB(1.0),IND,A,EMP_TEMP_NB,SEX_F,OC2_ISCO88_TOTAL,2020,100431.592,,NB,PS,3,LFS - Periodic Labour Force Survey,Repository: ILO-STATISTICS - Micro data processing,,,1,,
ILO:DF_EMP_TEMP_SEX_OC2_NB(1.0),IND,A,EMP_TEMP_NB,SEX_F,OC2_ISCO88_11,2020,170.343,,NB,PS,3,LFS - Periodic Labour Force Survey,Repository: ILO-STATISTICS - Micro data processing,,,1,,
ILO:DF_EMP_TEMP_SEX_OC2_NB(1.0),IND,A,EMP_TEMP_NB,SEX_F,OC2_ISCO88_12,2020,5833.146,,NB,PS,3,LFS - Periodic Labour Force Survey,Repository: ILO-STATISTICS - Micro data processing,,,1,,
ILO:DF_EMP_TEMP_SEX_OC2_NB(1.0),IND,A,EMP_TEMP_NB,SEX_F,OC2_ISCO88_13,2020,46.762,,NB,PS,3,LFS - Periodic Labour Force Survey,Repository: ILO-STATISTICS - Micro data processing,,,1,,
ILO:DF_EMP_TEMP_SEX_OC2_NB(1.0),IND,A,EMP_TEMP_NB,SEX_F,OC2_ISCO88_21,2020,674.658,,NB,PS,3,LFS - Periodic Labour Force Survey,Repository: ILO-STATISTICS - Micro data processing,,,1,,
ILO:DF_EMP_TEMP_SEX_OC2_NB(1.0),IND,A,EMP_TEMP_NB,SEX_F,OC2_ISCO88_22,2020,581.308,,NB,PS,3,LFS - Periodic Labour Force Survey,Repository: ILO-STATISTICS - Micro data processing,,,1,,
ILO:DF_EMP_TEMP_SEX_OC2_NB(1.0),IND,A,EMP_TEMP_NB,SEX_F,OC2_ISCO88_23,2020,2120.721,,NB,PS,3,LFS - Periodic Labour Force Survey,Repository: ILO-STATISTICS - Micro data processing,,,1,,
ILO:DF_EMP_TEMP_SEX_OC2_NB(1.0),IND,A,EMP_TEMP_NB,SEX_F,OC2_ISCO88_24,2020,1000.762,,NB,PS,3,LFS - Periodic Labour Force Survey,Repository: ILO-STATISTICS - Micro data processing,,,1,,
ILO:DF_EMP_TEMP_SEX_OC2_NB(1.0),IND,A,EMP_TEMP_NB,SEX_F,OC2_ISCO88_31,2020,252.904,,NB,PS,3,LFS - Periodic Labour Force Survey,Repository: ILO-STATISTICS - Micro data processing,,,1,,
ILO:DF_EMP_TEMP_SEX_OC2_NB(1.0),IND,A,EMP_TEMP_NB,SEX_F,OC2_ISCO88_32,2020,1343.606,,NB,PS,3,LFS - Periodic Labour Force Survey,Repository: ILO-STATISTICS - Micro data processing,,,1,,
ILO:DF_EMP_TEMP_SEX_OC2_NB(1.0),IND,A,EMP_TEMP_NB,SEX_F,OC2_ISCO88_33,2020,3043.934,,NB,PS,3,LFS - Periodic Labour Force Survey,Repository: ILO-STATISTICS - Micro data processing,,,1,,
ILO:DF_EMP_TEMP_SEX_OC2_NB(1.0),IND,A,EMP_TEMP_NB,SEX_F,OC2_ISCO88_34,2020,808.291,,NB,PS,3,LFS - Periodic Labour Force Survey,Repository: ILO-STATISTICS - Micro data processing,,,1,,
ILO:DF_EMP_TEMP_SEX_OC2_NB(1.0),IND,A,EMP_TEMP_NB,SEX_F,OC2_ISCO88_41,2020,1245.129,,NB,PS,3,LFS - Periodic Labour Force Survey,Repository: ILO-STATISTICS - Micro data processing,,,1,,
ILO:DF_EMP_TEMP_SEX_OC2_NB(1.0),IND,A,EMP_TEMP_NB,SEX_F,OC2_ISCO88_42,2020,261.438,,NB,PS,3,LFS - Periodic Labour Force Survey,Repository: ILO-STATISTICS - Micro data processing,,,1,,
ILO:DF_EMP_TEMP_SEX_OC2_NB(1.0),IND,A,EMP_TEMP_NB,SEX_F,OC2_ISCO88_51,2020,3592.659,,NB,PS,3,LFS - Periodic Labour Force Survey,Repository: ILO-STATISTICS - Micro data processing,,,1,,
ILO:DF_EMP_TEMP_SEX_OC2_NB(1.0),IND,A,EMP_TEMP_NB,SEX_F,OC2_ISCO88_52,2020,2995.207,,NB,PS,3,LFS - Periodic Labour Force Survey,Repository: ILO-STATISTICS - Micro data processing,,,1,,
ILO:DF_EMP_TEMP_SEX_OC2_NB(1.0),IND,A,EMP_TEMP_NB,SEX_F,OC2_ISCO88_61,2020,40317.322,,NB,PS,3,LFS - Periodic Labour Force Survey,Repository: ILO-STATISTICS - Micro data processing,,,1,,
ILO:DF_EMP_TEMP_SEX_OC2_NB(1.0),IND,A,EMP_TEMP_NB,SEX_F,OC2_ISCO88_62,2020,1475.567,,NB,PS,3,LFS - Periodic Labour Force Survey,Repository: ILO-STATISTICS - Micro data processing,,,1,,
ILO:DF_EMP_TEMP_SEX_OC2_NB(1.0),IND,A,EMP_TEMP_NB,SEX_F,OC2_ISCO88_71,2020,1094.005,,NB,PS,3,LFS - Periodic Labour Force Survey,Repository: ILO-STATISTICS - Micro data processing,,,1,,
ILO:DF_EMP_TEMP_SEX_OC2_NB(1.0),IND,A,EMP_TEMP_NB,SEX_F,OC2_ISCO88_72,2020,206.849,,NB,PS,3,LFS - Periodic Labour Force Survey,Repository: ILO-STATISTICS - Micro data processing,,,1,,
ILO:DF_EMP_TEMP_SEX_OC2_NB(1.0),IND,A,EMP_TEMP_NB,SEX_F,OC2_ISCO88_73,2020,455.297,,NB,PS,3,LFS - Periodic Labour Force Survey,Repository: ILO-STATISTICS - Micro data processing,,,1,,
ILO:DF_EMP_TEMP_SEX_OC2_NB(1.0),IND,A,EMP_TEMP_NB,SEX_F,OC2_ISCO88_74,2020,6065.603,,NB,PS,3,LFS - Periodic Labour Force Survey,Repository: ILO-STATISTICS - Micro data processing,,,1,,
ILO:DF_EMP_TEMP_SEX_OC2_NB(1.0),IND,A,EMP_TEMP_NB,SEX_F,OC2_ISCO88_81,2020,198.033,,NB,PS,3,LFS - Periodic Labour Force Survey,Repository: ILO-STATISTICS - Micro data processing,,,1,,
ILO:DF_EMP_TEMP_SEX_OC2_NB(1.0),IND,A,EMP_TEMP_NB,SEX_F,OC2_ISCO88_82,2020,735.255,,NB,PS,3,LFS - Periodic Labour Force Survey,Repository: ILO-STATISTICS - Micro data processing,,,1,,
ILO:DF_EMP_TEMP_SEX_OC2_NB(1.0),IND,A,EMP_TEMP_NB,SEX_F,OC2_ISCO88_83,2020,91.157,,NB,PS,3,LFS - Periodic Labour Force Survey,Repository: ILO-STATISTICS - Micro data processing,,,1,,
ILO:DF_EMP_TEMP_SEX_OC2_NB(1.0),IND,A,EMP_TEMP_NB,SEX_F,OC2_ISCO88_91,2020,4681.806,,NB,PS,3,LFS - Periodic Labour Force Survey,Repository: ILO-STATISTICS - Micro data processing,,,1,,
ILO:DF_EMP_TEMP_SEX_OC2_NB(1.0),IND,A,EMP_TEMP_NB,SEX_F,OC2_ISCO88_92,2020,15851.906,,NB,PS,3,LFS - Periodic Labour Force Survey,Repository: ILO-STATISTICS - Micro data processing,,,1,,
ILO:DF_EMP_TEMP_SEX_OC2_NB(1.0),IND,A,EMP_TEMP_NB,SEX_F,OC2_ISCO88_93,2020,4868.615,,NB,PS,3,LFS - Periodic Labour Force Survey,Repository: ILO-STATISTICS - Micro data processing,,,1,,
ILO:DF_EMP_TEMP_SEX_OC2_NB(1.0),IND,A,EMP_TEMP_NB,SEX_F,OC2_ISCO88_X,2020,419.315,,NB,PS,3,LFS - Periodic Labour Force Survey,Repository: ILO-STATISTICS - Micro data processing,,,1,,
ILO:DF_EMP_TEMP_SEX_OC2_NB(1.0),IND,A,EMP_TEMP_NB,SEX_T,OC2_ISCO08_TOTAL,2022,444845.808,,NB,PS,3,LFS - Periodic Labour Force Survey,Repository: ILO-STATISTICS - Micro data processing,,,1,,
ILO:DF_EMP_TEMP_SEX_OC2_NB(1.0),IND,A,EMP_TEMP_NB,SEX_T,OC2_ISCO08_11,2022,14904.988,,NB,PS,3,LFS - Periodic Labour Force Survey,Repository: ILO-STATISTICS - Micro data processing,,,1,,
ILO:DF_EMP_TEMP_SEX_OC2_NB(1.0),IND,A,EMP_TEMP_NB,SEX_T,OC2_ISCO08_12,2022,5287.417,,NB,PS,3,LFS - Periodic Labour Force Survey,Repository: ILO-STATISTICS - Micro data processing,,,1,,
ILO:DF_EMP_TEMP_SEX_OC2_NB(1.0),IND,A,EMP_TEMP_NB,SEX_T,OC2_ISCO08_13,2022,1777.273,,NB,PS,3,LFS - Periodic Labour Force Survey,Repository: ILO-STATISTICS - Micro data processing,,,1,,
ILO:DF_EMP_TEMP_SEX_OC2_NB(1.0),IND,A,EMP_TEMP_NB,SEX_T,OC2_ISCO08_14,2022,1623.842,,NB,PS,3,LFS - Periodic Labour Force Survey,Repository: ILO-STATISTICS - Micro data processing,,,1,,
ILO:DF_EMP_TEMP_SEX_OC2_NB(1.0),IND,A,EMP_TEMP_NB,SEX_T,OC2_ISCO08_21,2022,1955.34,,NB,PS,3,LFS - Periodic Labour Force Survey,Repository: ILO-STATISTICS - Micro data processing,,,1,,
ILO:DF_EMP_TEMP_SEX_OC2_NB(1.0),IND,A,EMP_TEMP_NB,SEX_T,OC2_ISCO08_22,2022,2148.382,,NB,PS,3,LFS - Periodic Labour Force Survey,Repository: ILO-STATISTICS - Micro data processing,,,1,,
ILO:DF_EMP_TEMP_SEX_OC2_NB(1.0),IND,A,EMP_TEMP_NB,SEX_T,OC2_ISCO08_23,2022,10803.244,,NB,PS,3,LFS - Periodic Labour Force Survey,Repository: ILO-STATISTICS - Micro data processing,,,1,,
ILO:DF_EMP_TEMP_SEX_OC2_NB(1.0),IND,A,EMP_TEMP_NB,SEX_T,OC2_ISCO08_24,2022,3170.919,,NB,PS,3,LFS - Periodic Labour Force Survey,Repository: ILO-STATISTICS - Micro data processing,,,1,,
ILO:DF_EMP_TEMP_SEX_OC2_NB(1.0),IND,A,EMP_TEMP_NB,SEX_T,OC2_ISCO08_25,2022,3532.346,,NB,PS,3,LFS - Periodic Labour Force Survey,Repository: ILO-STATISTICS - Micro data processing,,,1,,
ILO:DF_EMP_TEMP_SEX_OC2_NB(1.0),IND,A,EMP_TEMP_NB,SEX_T,OC2_ISCO08_26,2022,2435.662,,NB,PS,3,LFS - Periodic Labour Force Survey,Repository: ILO-STATISTICS - Micro data processing,,,1,,
ILO:DF_EMP_TEMP_SEX_OC2_NB(1.0),IND,A,EMP_TEMP_NB,SEX_T,OC2_ISCO08_31,2022,2772.751,,NB,PS,3,LFS - Periodic Labour Force Survey,Repository: ILO-STATISTICS - Micro data processing,,,1,,
ILO:DF_EMP_TEMP_SEX_OC2_NB(1.0),IND,A,EMP_TEMP_NB,SEX_T,OC2_ISCO08_32,2022,2245.634,,NB,PS,3,LFS - Periodic Labour Force Survey,Repository: ILO-STATISTICS - Micro data processing,,,1,,
ILO:DF_EMP_TEMP_SEX_OC2_NB(1.0),IND,A,EMP_TEMP_NB,SEX_T,OC2_ISCO08_33,2022,3419.699,,NB,PS,3,LFS - Periodic Labour Force Survey,Repository: ILO-STATISTICS - Micro data processing,,,1,,
ILO:DF_EMP_TEMP_SEX_OC2_NB(1.0),IND,A,EMP_TEMP_NB,SEX_T,OC2_ISCO08_34,2022,1014.246,,NB,PS,3,LFS - Periodic Labour Force Survey,Repository: ILO-STATISTICS - Micro data processing,,,1,,
ILO:DF_EMP_TEMP_SEX_OC2_NB(1.0),IND,A,EMP_TEMP_NB,SEX_T,OC2_ISCO08_35,2022,565.475,,NB,PS,3,LFS - Periodic Labour Force Survey,Repository: ILO-STATISTICS - Micro data processing,,,1,,
ILO:DF_EMP_TEMP_SEX_OC2_NB(1.0),IND,A,EMP_TEMP_NB,SEX_T,OC2_ISCO08_41,2022,5131.712,,NB,PS,3,LFS - Periodic Labour Force Survey,Repository: ILO-STATISTICS - Micro data processing,,,1,,
ILO:DF_EMP_TEMP_SEX_OC2_NB(1.0),IND,A,EMP_TEMP_NB,SEX_T,OC2_ISCO08_42,2022,1204.364,,NB,PS,3,LFS - Periodic Labour Force Survey,Repository: ILO-STATISTICS - Micro data processing,,,1,,
ILO:DF_EMP_TEMP_SEX_OC2_NB(1.0),IND,A,EMP_TEMP_NB,SEX_T,OC2_ISCO08_43,2022,1350.294,,NB,PS,3,LFS - Periodic Labour Force Survey,Repository: ILO-STATISTICS - Micro data processing,,,1,,
ILO:DF_EMP_TEMP_SEX_OC2_NB(1.0),IND,A,EMP_TEMP_NB,SEX_T,OC2_ISCO08_44,2022,1684.037,,NB,PS,3,LFS - Periodic Labour Force Survey,Repository: ILO-STATISTICS - Micro data processing,,,1,,
ILO:DF_EMP_TEMP_SEX_OC2_NB(1.0),IND,A,EMP_TEMP_NB,SEX_T,OC2_ISCO08_51,2022,8828.312,,NB,PS,3,LFS - Periodic Labour Force Survey,Repository: ILO-STATISTICS - Micro data processing,,,1,,
ILO:DF_EMP_TEMP_SEX_OC2_NB(1.0),IND,A,EMP_TEMP_NB,SEX_T,OC2_ISCO08_52,2022,36714.536,,NB,PS,3,LFS - Periodic Labour Force Survey,Repository: ILO-STATISTICS - Micro data processing,,,1,,
ILO:DF_EMP_TEMP_SEX_OC2_NB(1.0),IND,A,EMP_TEMP_NB,SEX_T,OC2_ISCO08_53,2022,846.728,,NB,PS,3,LFS - Periodic Labour Force Survey,Repository: ILO-STATISTICS - Micro data processing,,,1,,
ILO:DF_EMP_TEMP_SEX_OC2_NB(1.0),IND,A,EMP_TEMP_NB,SEX_T,OC2_ISCO08_54,2022,4122.583,,NB,PS,3,LFS - Periodic Labour Force Survey,Repository: ILO-STATISTICS - Micro data processing,,,1,,
ILO:DF_EMP_TEMP_SEX_OC2_NB(1.0),IND,A,EMP_TEMP_NB,SEX_T,OC2_ISCO08_61,2022,141811.034,,NB,PS,3,LFS - Periodic Labour Force Survey,Repository: ILO-STATISTICS - Micro data processing,,,1,,
ILO:DF_EMP_TEMP_SEX_OC2_NB(1.0),IND,A,EMP_TEMP_NB,SEX_T,OC2_ISCO08_62,2022,2728.827,,NB,PS,3,LFS - Periodic Labour Force Survey,Repository: ILO-STATISTICS - Micro data processing,,,1,,
ILO:DF_EMP_TEMP_SEX_OC2_NB(1.0),IND,A,EMP_TEMP_NB,SEX_T,OC2_ISCO08_63,2022,9499.18,,NB,PS,3,LFS - Periodic Labour Force Survey,Repository: ILO-STATISTICS - Micro data processing,,,1,,
ILO:DF_EMP_TEMP_SEX_OC2_NB(1.0),IND,A,EMP_TEMP_NB,SEX_T,OC2_ISCO08_71,2022,15064.764,,NB,PS,3,LFS - Periodic Labour Force Survey,Repository: ILO-STATISTICS - Micro data processing,,,1,,
ILO:DF_EMP_TEMP_SEX_OC2_NB(1.0),IND,A,EMP_TEMP_NB,SEX_T,OC2_ISCO08_72,2022,7299.912,,NB,PS,3,LFS - Periodic Labour Force Survey,Repository: ILO-STATISTICS - Micro data processing,,,1,,
ILO:DF_EMP_TEMP_SEX_OC2_NB(1.0),IND,A,EMP_TEMP_NB,SEX_T,OC2_ISCO08_73,2022,5444.44,,NB,PS,3,LFS - Periodic Labour Force Survey,Repository: ILO-STATISTICS - Micro data processing,,,1,,
ILO:DF_EMP_TEMP_SEX_OC2_NB(1.0),IND,A,EMP_TEMP_NB,SEX_T,OC2_ISCO08_74,2022,3903.559,,NB,PS,3,LFS - Periodic Labour Force Survey,Repository: ILO-STATISTICS - Micro data processing,,,1,,
ILO:DF_EMP_TEMP_SEX_OC2_NB(1.0),IND,A,EMP_TEMP_NB,SEX_T,OC2_ISCO08_75,2022,15565.745,,NB,PS,3,LFS - Periodic Labour Force Survey,Repository: ILO-STATISTICS - Micro data processing,,,1,,
ILO:DF_EMP_TEMP_SEX_OC2_NB(1.0),IND,A,EMP_TEMP_NB,SEX_T,OC2_ISCO08_81,2022,6203.406,,NB,PS,3,LFS - Periodic Labour Force Survey,Repository: ILO-STATISTICS - Micro data processing,,,1,,
ILO:DF_EMP_TEMP_SEX_OC2_NB(1.0),IND,A,EMP_TEMP_NB,SEX_T,OC2_ISCO08_82,2022,368.86,,NB,PS,3,LFS - Periodic Labour Force Survey,Repository: ILO-STATISTICS - Micro data processing,,,1,,
ILO:DF_EMP_TEMP_SEX_OC2_NB(1.0),IND,A,EMP_TEMP_NB,SEX_T,OC2_ISCO08_83,2022,18223.974,,NB,PS,3,LFS - Periodic Labour Force Survey,Repository: ILO-STATISTICS - Micro data processing,,,1,,
ILO:DF_EMP_TEMP_SEX_OC2_NB(1.0),IND,A,EMP_TEMP_NB,SEX_T,OC2_ISCO08_91,2022,6736.394,,NB,PS,3,LFS - Periodic Labour Force Survey,Repository: ILO-STATISTICS - Micro data processing,,,1,,
ILO:DF_EMP_TEMP_SEX_OC2_NB(1.0),IND,A,EMP_TEMP_NB,SEX_T,OC2_ISCO08_92,2022,35182.748,,NB,PS,3,LFS - Periodic Labour Force Survey,Repository: ILO-STATISTICS - Micro data processing,,,1,,
ILO:DF_EMP_TEMP_SEX_OC2_NB(1.0),IND,A,EMP_TEMP_NB,SEX_T,OC2_ISCO08_93,2022,55069.497,,NB,PS,3,LFS - Periodic Labour Force Survey,Repository: ILO-STATISTICS - Micro data processing,,,1,,
ILO:DF_EMP_TEMP_SEX_OC2_NB(1.0),IND,A,EMP_TEMP_NB,SEX_T,OC2_ISCO08_94,2022,359.217,,NB,PS,3,LFS - Periodic Labour Force Survey,Repository: ILO-STATISTICS - Micro data processing,,,1,,
ILO:DF_EMP_TEMP_SEX_OC2_NB(1.0),IND,A,EMP_TEMP_NB,SEX_T,OC2_ISCO08_95,2022,1623.378,,NB,PS,3,LFS - Periodic Labour Force Survey,Repository: ILO-STATISTICS - Micro data processing,,,1,,
ILO:DF_EMP_TEMP_SEX_OC2_NB(1.0),IND,A,EMP_TEMP_NB,SEX_T,OC2_ISCO08_96,2022,2221.091,,NB,PS,3,LFS - Periodic Labour Force Survey,Repository: ILO-STATISTICS - Micro data processing,,,1,,
ILO:DF_EMP_TEMP_SEX_OC2_NB(1.0),IND,A,EMP_TEMP_NB,SEX_M,OC2_ISCO08_TOTAL,2022,325252.861,,NB,PS,3,LFS - Periodic Labour Force Survey,Repository: ILO-STATISTICS - Micro data processing,,,1,,
ILO:DF_EMP_TEMP_SEX_OC2_NB(1.0),IND,A,EMP_TEMP_NB,SEX_M,OC2_ISCO08_11,2022,12448.512,,NB,PS,3,LFS - Periodic Labour Force Survey,Repository: ILO-STATISTICS - Micro data processing,,,1,,
ILO:DF_EMP_TEMP_SEX_OC2_NB(1.0),IND,A,EMP_TEMP_NB,SEX_M,OC2_ISCO08_12,2022,4513.858,,NB,PS,3,LFS - Periodic Labour Force Survey,Repository: ILO-STATISTICS - Micro data processing,,,1,,
ILO:DF_EMP_TEMP_SEX_OC2_NB(1.0),IND,A,EMP_TEMP_NB,SEX_M,OC2_ISCO08_13,2022,1446.29,,NB,PS,3,LFS - Periodic Labour Force Survey,Repository: ILO-STATISTICS - Micro data processing,,,1,,
ILO:DF_EMP_TEMP_SEX_OC2_NB(1.0),IND,A,EMP_TEMP_NB,SEX_M,OC2_ISCO08_14,2022,1425.194,,NB,PS,3,LFS - Periodic Labour Force Survey,Repository: ILO-STATISTICS - Micro data processing,,,1,,
ILO:DF_EMP_TEMP_SEX_OC2_NB(1.0),IND,A,EMP_TEMP_NB,SEX_M,OC2_ISCO08_21,2022,1729.417,,NB,PS,3,LFS - Periodic Labour Force Survey,Repository: ILO-STATISTICS - Micro data processing,,,1,,
ILO:DF_EMP_TEMP_SEX_OC2_NB(1.0),IND,A,EMP_TEMP_NB,SEX_M,OC2_ISCO08_22,2022,1185.28,,NB,PS,3,LFS - Periodic Labour Force Survey,Repository: ILO-STATISTICS - Micro data processing,,,1,,
ILO:DF_EMP_TEMP_SEX_OC2_NB(1.0),IND,A,EMP_TEMP_NB,SEX_M,OC2_ISCO08_23,2022,5532.049,,NB,PS,3,LFS - Periodic Labour Force Survey,Repository: ILO-STATISTICS - Micro data processing,,,1,,
ILO:DF_EMP_TEMP_SEX_OC2_NB(1.0),IND,A,EMP_TEMP_NB,SEX_M,OC2_ISCO08_24,2022,2458.238,,NB,PS,3,LFS - Periodic Labour Force Survey,Repository: ILO-STATISTICS - Micro data processing,,,1,,
ILO:DF_EMP_TEMP_SEX_OC2_NB(1.0),IND,A,EMP_TEMP_NB,SEX_M,OC2_ISCO08_25,2022,2678.862,,NB,PS,3,LFS - Periodic Labour Force Survey,Repository: ILO-STATISTICS - Micro data processing,,,1,,
ILO:DF_EMP_TEMP_SEX_OC2_NB(1.0),IND,A,EMP_TEMP_NB,SEX_M,OC2_ISCO08_26,2022,2100.246,,NB,PS,3,LFS - Periodic Labour Force Survey,Repository: ILO-STATISTICS - Micro data processing,,,1,,
ILO:DF_EMP_TEMP_SEX_OC2_NB(1.0),IND,A,EMP_TEMP_NB,SEX_M,OC2_ISCO08_31,2022,2599.324,,NB,PS,3,LFS - Periodic Labour Force Survey,Repository: ILO-STATISTICS - Micro data processing,,,1,,
ILO:DF_EMP_TEMP_SEX_OC2_NB(1.0),IND,A,EMP_TEMP_NB,SEX_M,OC2_ISCO08_32,2022,640.336,,NB,PS,3,LFS - Periodic Labour Force Survey,Repository: ILO-STATISTICS - Micro data processing,,,1,,
ILO:DF_EMP_TEMP_SEX_OC2_NB(1.0),IND,A,EMP_TEMP_NB,SEX_M,OC2_ISCO08_33,2022,2939.96,,NB,PS,3,LFS - Periodic Labour Force Survey,Repository: ILO-STATISTICS - Micro data processing,,,1,,
ILO:DF_EMP_TEMP_SEX_OC2_NB(1.0),IND,A,EMP_TEMP_NB,SEX_M,OC2_ISCO08_34,2022,887.324,,NB,PS,3,LFS - Periodic Labour Force Survey,Repository: ILO-STATISTICS - Micro data processing,,,1,,
ILO:DF_EMP_TEMP_SEX_OC2_NB(1.0),IND,A,EMP_TEMP_NB,SEX_M,OC2_ISCO08_35,2022,497.136,,NB,PS,3,LFS - Periodic Labour Force Survey,Repository: ILO-STATISTICS - Micro data processing,,,1,,
ILO:DF_EMP_TEMP_SEX_OC2_NB(1.0),IND,A,EMP_TEMP_NB,SEX_M,OC2_ISCO08_41,2022,3982.278,,NB,PS,3,LFS - Periodic Labour Force Survey,Repository: ILO-STATISTICS - Micro data processing,,,1,,
ILO:DF_EMP_TEMP_SEX_OC2_NB(1.0),IND,A,EMP_TEMP_NB,SEX_M,OC2_ISCO08_42,2022,857.154,,NB,PS,3,LFS - Periodic Labour Force Survey,Repository: ILO-STATISTICS - Micro data processing,,,1,,
ILO:DF_EMP_TEMP_SEX_OC2_NB(1.0),IND,A,EMP_TEMP_NB,SEX_M,OC2_ISCO08_43,2022,1131.051,,NB,PS,3,LFS - Periodic Labour Force Survey,Repository: ILO-STATISTICS - Micro data processing,,,1,,
ILO:DF_EMP_TEMP_SEX_OC2_NB(1.0),IND,A,EMP_TEMP_NB,SEX_M,OC2_ISCO08_44,2022,1362.389,,NB,PS,3,LFS - Periodic Labour Force Survey,Repository: ILO-STATISTICS - Micro data processing,,,1,,
ILO:DF_EMP_TEMP_SEX_OC2_NB(1.0),IND,A,EMP_TEMP_NB,SEX_M,OC2_ISCO08_51,2022,5888.858,,NB,PS,3,LFS - Periodic Labour Force Survey,Repository: ILO-STATISTICS - Micro data processing,,,1,,
ILO:DF_EMP_TEMP_SEX_OC2_NB(1.0),IND,A,EMP_TEMP_NB,SEX_M,OC2_ISCO08_52,2022,30480.5,,NB,PS,3,LFS - Periodic Labour Force Survey,Repository: ILO-STATISTICS - Micro data processing,,,1,,
ILO:DF_EMP_TEMP_SEX_OC2_NB(1.0),IND,A,EMP_TEMP_NB,SEX_M,OC2_ISCO08_53,2022,126.402,,NB,PS,3,LFS - Periodic Labour Force Survey,Repository: ILO-STATISTICS - Micro data processing,,,1,,
ILO:DF_EMP_TEMP_SEX_OC2_NB(1.0),IND,A,EMP_TEMP_NB,SEX_M,OC2_ISCO08_54,2022,3914.868,,NB,PS,3,LFS - Periodic Labour Force Survey,Repository: ILO-STATISTICS - Micro data processing,,,1,,
ILO:DF_EMP_TEMP_SEX_OC2_NB(1.0),IND,A,EMP_TEMP_NB,SEX_M,OC2_ISCO08_61,2022,91496.328,,NB,PS,3,LFS - Periodic Labour Force Survey,Repository: ILO-STATISTICS - Micro data processing,,,1,,
ILO:DF_EMP_TEMP_SEX_OC2_NB(1.0),IND,A,EMP_TEMP_NB,SEX_M,OC2_ISCO08_62,2022,2217.248,,NB,PS,3,LFS - Periodic Labour Force Survey,Repository: ILO-STATISTICS - Micro data processing,,,1,,
ILO:DF_EMP_TEMP_SEX_OC2_NB(1.0),IND,A,EMP_TEMP_NB,SEX_M,OC2_ISCO08_63,2022,5953.669,,NB,PS,3,LFS - Periodic Labour Force Survey,Repository: ILO-STATISTICS - Micro data processing,,,1,,
ILO:DF_EMP_TEMP_SEX_OC2_NB(1.0),IND,A,EMP_TEMP_NB,SEX_M,OC2_ISCO08_71,2022,14884.735,,NB,PS,3,LFS - Periodic Labour Force Survey,Repository: ILO-STATISTICS - Micro data processing,,,1,,
ILO:DF_EMP_TEMP_SEX_OC2_NB(1.0),IND,A,EMP_TEMP_NB,SEX_M,OC2_ISCO08_72,2022,7221.659,,NB,PS,3,LFS - Periodic Labour Force Survey,Repository: ILO-STATISTICS - Micro data processing,,,1,,
ILO:DF_EMP_TEMP_SEX_OC2_NB(1.0),IND,A,EMP_TEMP_NB,SEX_M,OC2_ISCO08_73,2022,3554.718,,NB,PS,3,LFS - Periodic Labour Force Survey,Repository: ILO-STATISTICS - Micro data processing,,,1,,
ILO:DF_EMP_TEMP_SEX_OC2_NB(1.0),IND,A,EMP_TEMP_NB,SEX_M,OC2_ISCO08_74,2022,3877.748,,NB,PS,3,LFS - Periodic Labour Force Survey,Repository: ILO-STATISTICS - Micro data processing,,,1,,
ILO:DF_EMP_TEMP_SEX_OC2_NB(1.0),IND,A,EMP_TEMP_NB,SEX_M,OC2_ISCO08_75,2022,7618.026,,NB,PS,3,LFS - Periodic Labour Force Survey,Repository: ILO-STATISTICS - Micro data processing,,,1,,
ILO:DF_EMP_TEMP_SEX_OC2_NB(1.0),IND,A,EMP_TEMP_NB,SEX_M,OC2_ISCO08_81,2022,5130.088,,NB,PS,3,LFS - Periodic Labour Force Survey,Repository: ILO-STATISTICS - Micro data processing,,,1,,
ILO:DF_EMP_TEMP_SEX_OC2_NB(1.0),IND,A,EMP_TEMP_NB,SEX_M,OC2_ISCO08_82,2022,318.208,,NB,PS,3,LFS - Periodic Labour Force Survey,Repository: ILO-STATISTICS - Micro data processing,,,1,,
ILO:DF_EMP_TEMP_SEX_OC2_NB(1.0),IND,A,EMP_TEMP_NB,SEX_M,OC2_ISCO08_83,2022,18197.375,,NB,PS,3,LFS - Periodic Labour Force Survey,Repository: ILO-STATISTICS - Micro data processing,,,1,,
ILO:DF_EMP_TEMP_SEX_OC2_NB(1.0),IND,A,EMP_TEMP_NB,SEX_M,OC2_ISCO08_91,2022,2438.993,,NB,PS,3,LFS - Periodic Labour Force Survey,Repository: ILO-STATISTICS - Micro data processing,,,1,,
ILO:DF_EMP_TEMP_SEX_OC2_NB(1.0),IND,A,EMP_TEMP_NB,SEX_M,OC2_ISCO08_92,2022,19296.724,,NB,PS,3,LFS - Periodic Labour Force Survey,Repository: ILO-STATISTICS - Micro data processing,,,1,,
ILO:DF_EMP_TEMP_SEX_OC2_NB(1.0),IND,A,EMP_TEMP_NB,SEX_M,OC2_ISCO08_93,2022,48937.023,,NB,PS,3,LFS - Periodic Labour Force Survey,Repository: ILO-STATISTICS - Micro data processing,,,1,,
ILO:DF_EMP_TEMP_SEX_OC2_NB(1.0),IND,A,EMP_TEMP_NB,SEX_M,OC2_ISCO08_94,2022,212.527,,NB,PS,3,LFS - Periodic Labour Force Survey,Repository: ILO-STATISTICS - Micro data processing,,,1,,
ILO:DF_EMP_TEMP_SEX_OC2_NB(1.0),IND,A,EMP_TEMP_NB,SEX_M,OC2_ISCO08_95,2022,1428.403,,NB,PS,3,LFS - Periodic Labour Force Survey,Repository: ILO-STATISTICS - Micro data processing,,,1,,
ILO:DF_EMP_TEMP_SEX_OC2_NB(1.0),IND,A,EMP_TEMP_NB,SEX_M,OC2_ISCO08_96,2022,1643.863,,NB,PS,3,LFS - Periodic Labour Force Survey,Repository: ILO-STATISTICS - Micro data processing,,,1,,
ILO:DF_EMP_TEMP_SEX_OC2_NB(1.0),IND,A,EMP_TEMP_NB,SEX_F,OC2_ISCO08_TOTAL,2022,119585.263,,NB,PS,3,LFS - Periodic Labour Force Survey,Repository: ILO-STATISTICS - Micro data processing,,,1,,
ILO:DF_EMP_TEMP_SEX_OC2_NB(1.0),IND,A,EMP_TEMP_NB,SEX_F,OC2_ISCO08_11,2022,2456.476,,NB,PS,3,LFS - Periodic Labour Force Survey,Repository: ILO-STATISTICS - Micro data processing,,,1,,
ILO:DF_EMP_TEMP_SEX_OC2_NB(1.0),IND,A,EMP_TEMP_NB,SEX_F,OC2_ISCO08_12,2022,773.559,,NB,PS,3,LFS - Periodic Labour Force Survey,Repository: ILO-STATISTICS - Micro data processing,,,1,,
ILO:DF_EMP_TEMP_SEX_OC2_NB(1.0),IND,A,EMP_TEMP_NB,SEX_F,OC2_ISCO08_13,2022,330.983,,NB,PS,3,LFS - Periodic Labour Force Survey,Repository: ILO-STATISTICS - Micro data processing,,,1,,
ILO:DF_EMP_TEMP_SEX_OC2_NB(1.0),IND,A,EMP_TEMP_NB,SEX_F,OC2_ISCO08_14,2022,198.647,,NB,PS,3,LFS - Periodic Labour Force Survey,Repository: ILO-STATISTICS - Micro data processing,,,1,,
ILO:DF_EMP_TEMP_SEX_OC2_NB(1.0),IND,A,EMP_TEMP_NB,SEX_F,OC2_ISCO08_21,2022,225.923,,NB,PS,3,LFS - Periodic Labour Force Survey,Repository: ILO-STATISTICS - Micro data processing,,,1,,
ILO:DF_EMP_TEMP_SEX_OC2_NB(1.0),IND,A,EMP_TEMP_NB,SEX_F,OC2_ISCO08_22,2022,963.102,,NB,PS,3,LFS - Periodic Labour Force Survey,Repository: ILO-STATISTICS - Micro data processing,,,1,,
ILO:DF_EMP_TEMP_SEX_OC2_NB(1.0),IND,A,EMP_TEMP_NB,SEX_F,OC2_ISCO08_23,2022,5271.195,,NB,PS,3,LFS - Periodic Labour Force Survey,Repository: ILO-STATISTICS - Micro data processing,,,1,,
ILO:DF_EMP_TEMP_SEX_OC2_NB(1.0),IND,A,EMP_TEMP_NB,SEX_F,OC2_ISCO08_24,2022,712.681,,NB,PS,3,LFS - Periodic Labour Force Survey,Repository: ILO-STATISTICS - Micro data processing,,,1,,
ILO:DF_EMP_TEMP_SEX_OC2_NB(1.0),IND,A,EMP_TEMP_NB,SEX_F,OC2_ISCO08_25,2022,853.484,,NB,PS,3,LFS - Periodic Labour Force Survey,Repository: ILO-STATISTICS - Micro data processing,,,1,,
ILO:DF_EMP_TEMP_SEX_OC2_NB(1.0),IND,A,EMP_TEMP_NB,SEX_F,OC2_ISCO08_26,2022,335.415,,NB,PS,3,LFS - Periodic Labour Force Survey,Repository: ILO-STATISTICS - Micro data processing,,,1,,
ILO:DF_EMP_TEMP_SEX_OC2_NB(1.0),IND,A,EMP_TEMP_NB,SEX_F,OC2_ISCO08_31,2022,173.427,,NB,PS,3,LFS - Periodic Labour Force Survey,Repository: ILO-STATISTICS - Micro data processing,,,1,,
ILO:DF_EMP_TEMP_SEX_OC2_NB(1.0),IND,A,EMP_TEMP_NB,SEX_F,OC2_ISCO08_32,2022,1605.297,,NB,PS,3,LFS - Periodic Labour Force Survey,Repository: ILO-STATISTICS - Micro data processing,,,1,,
ILO:DF_EMP_TEMP_SEX_OC2_NB(1.0),IND,A,EMP_TEMP_NB,SEX_F,OC2_ISCO08_33,2022,479.739,,NB,PS,3,LFS - Periodic Labour Force Survey,Repository: ILO-STATISTICS - Micro data processing,,,1,,
ILO:DF_EMP_TEMP_SEX_OC2_NB(1.0),IND,A,EMP_TEMP_NB,SEX_F,OC2_ISCO08_34,2022,122.82,,NB,PS,3,LFS - Periodic Labour Force Survey,Repository: ILO-STATISTICS - Micro data processing,,,1,,
ILO:DF_EMP_TEMP_SEX_OC2_NB(1.0),IND,A,EMP_TEMP_NB,SEX_F,OC2_ISCO08_35,2022,68.339,,NB,PS,3,LFS - Periodic Labour Force Survey,Repository: ILO-STATISTICS - Micro data processing,,,1,,
ILO:DF_EMP_TEMP_SEX_OC2_NB(1.0),IND,A,EMP_TEMP_NB,SEX_F,OC2_ISCO08_41,2022,1149.434,,NB,PS,3,LFS - Periodic Labour Force Survey,Repository: ILO-STATISTICS - Micro data processing,,,1,,
ILO:DF_EMP_TEMP_SEX_OC2_NB(1.0),IND,A,EMP_TEMP_NB,SEX_F,OC2_ISCO08_42,2022,347.21,,NB,PS,3,LFS - Periodic Labour Force Survey,Repository: ILO-STATISTICS - Micro data processing,,,1,,
ILO:DF_EMP_TEMP_SEX_OC2_NB(1.0),IND,A,EMP_TEMP_NB,SEX_F,OC2_ISCO08_43,2022,219.243,,NB,PS,3,LFS - Periodic Labour Force Survey,Repository: ILO-STATISTICS - Micro data processing,,,1,,
ILO:DF_EMP_TEMP_SEX_OC2_NB(1.0),IND,A,EMP_TEMP_NB,SEX_F,OC2_ISCO08_44,2022,321.648,,NB,PS,3,LFS - Periodic Labour Force Survey,Repository: ILO-STATISTICS - Micro data processing,,,1,,
ILO:DF_EMP_TEMP_SEX_OC2_NB(1.0),IND,A,EMP_TEMP_NB,SEX_F,OC2_ISCO08_51,2022,2938.714,,NB,PS,3,LFS - Periodic Labour Force Survey,Repository: ILO-STATISTICS - Micro data processing,,,1,,
ILO:DF_EMP_TEMP_SEX_OC2_NB(1.0),IND,A,EMP_TEMP_NB,SEX_F,OC2_ISCO08_52,2022,6234.036,,NB,PS,3,LFS - Periodic Labour Force Survey,Repository: ILO-STATISTICS - Micro data processing,,,1,,
ILO:DF_EMP_TEMP_SEX_OC2_NB(1.0),IND,A,EMP_TEMP_NB,SEX_F,OC2_ISCO08_53,2022,720.326,,NB,PS,3,LFS - Periodic Labour Force Survey,Repository: ILO-STATISTICS - Micro data processing,,,1,,
ILO:DF_EMP_TEMP_SEX_OC2_NB(1.0),IND,A,EMP_TEMP_NB,SEX_F,OC2_ISCO08_54,2022,207.715,,NB,PS,3,LFS - Periodic Labour Force Survey,Repository: ILO-STATISTICS - Micro data processing,,,1,,
ILO:DF_EMP_TEMP_SEX_OC2_NB(1.0),IND,A,EMP_TEMP_NB,SEX_F,OC2_ISCO08_61,2022,50311.865,,NB,PS,3,LFS - Periodic Labour Force Survey,Repository: ILO-STATISTICS - Micro data processing,,,1,,
ILO:DF_EMP_TEMP_SEX_OC2_NB(1.0),IND,A,EMP_TEMP_NB,SEX_F,OC2_ISCO08_62,2022,511.579,,NB,PS,3,LFS - Periodic Labour Force Survey,Repository: ILO-STATISTICS - Micro data processing,,,1,,
ILO:DF_EMP_TEMP_SEX_OC2_NB(1.0),IND,A,EMP_TEMP_NB,SEX_F,OC2_ISCO08_63,2022,3545.511,,NB,PS,3,LFS - Periodic Labour Force Survey,Repository: ILO-STATISTICS - Micro data processing,,,1,,
ILO:DF_EMP_TEMP_SEX_OC2_NB(1.0),IND,A,EMP_TEMP_NB,SEX_F,OC2_ISCO08_71,2022,180.029,,NB,PS,3,LFS - Periodic Labour Force Survey,Repository: ILO-STATISTICS - Micro data processing,,,1,,
ILO:DF_EMP_TEMP_SEX_OC2_NB(1.0),IND,A,EMP_TEMP_NB,SEX_F,OC2_ISCO08_72,2022,78.254,,NB,PS,3,LFS - Periodic Labour Force Survey,Repository: ILO-STATISTICS - Micro data processing,,,1,,
ILO:DF_EMP_TEMP_SEX_OC2_NB(1.0),IND,A,EMP_TEMP_NB,SEX_F,OC2_ISCO08_73,2022,1889.723,,NB,PS,3,LFS - Periodic Labour Force Survey,Repository: ILO-STATISTICS - Micro data processing,,,1,,
ILO:DF_EMP_TEMP_SEX_OC2_NB(1.0),IND,A,EMP_TEMP_NB,SEX_F,OC2_ISCO08_74,2022,25.811,U,NB,PS,3,LFS - Periodic Labour Force Survey,Repository: ILO-STATISTICS - Micro data processing,,,1,,
ILO:DF_EMP_TEMP_SEX_OC2_NB(1.0),IND,A,EMP_TEMP_NB,SEX_F,OC2_ISCO08_75,2022,7947.719,,NB,PS,3,LFS - Periodic Labour Force Survey,Repository: ILO-STATISTICS - Micro data processing,,,1,,
ILO:DF_EMP_TEMP_SEX_OC2_NB(1.0),IND,A,EMP_TEMP_NB,SEX_F,OC2_ISCO08_81,2022,1073.318,,NB,PS,3,LFS - Periodic Labour Force Survey,Repository: ILO-STATISTICS - Micro data processing,,,1,,
ILO:DF_EMP_TEMP_SEX_OC2_NB(1.0),IND,A,EMP_TEMP_NB,SEX_F,OC2_ISCO08_82,2022,50.653,U,NB,PS,3,LFS - Periodic Labour Force Survey,Repository: ILO-STATISTICS - Micro data processing,,,1,,
ILO:DF_EMP_TEMP_SEX_OC2_NB(1.0),IND,A,EMP_TEMP_NB,SEX_F,OC2_ISCO08_83,2022,26.598,,NB,PS,3,LFS - Periodic Labour Force Survey,Repository: ILO-STATISTICS - Micro data processing,,,1,,
ILO:DF_EMP_TEMP_SEX_OC2_NB(1.0),IND,A,EMP_TEMP_NB,SEX_F,OC2_ISCO08_91,2022,4297.4,,NB,PS,3,LFS - Periodic Labour Force Survey,Repository: ILO-STATISTICS - Micro data processing,,,1,,
ILO:DF_EMP_TEMP_SEX_OC2_NB(1.0),IND,A,EMP_TEMP_NB,SEX_F,OC2_ISCO08_92,2022,15886.024,,NB,PS,3,LFS - Periodic Labour Force Survey,Repository: ILO-STATISTICS - Micro data processing,,,1,,
ILO:DF_EMP_TEMP_SEX_OC2_NB(1.0),IND,A,EMP_TEMP_NB,SEX_F,OC2_ISCO08_93,2022,6132.474,,NB,PS,3,LFS - Periodic Labour Force Survey,Repository: ILO-STATISTICS - Micro data processing,,,1,,
ILO:DF_EMP_TEMP_SEX_OC2_NB(1.0),IND,A,EMP_TEMP_NB,SEX_F,OC2_ISCO08_94,2022,146.69,,NB,PS,3,LFS - Periodic Labour Force Survey,Repository: ILO-STATISTICS - Micro data processing,,,1,,
ILO:DF_EMP_TEMP_SEX_OC2_NB(1.0),IND,A,EMP_TEMP_NB,SEX_F,OC2_ISCO08_95,2022,194.974,,NB,PS,3,LFS - Periodic Labour Force Survey,Repository: ILO-STATISTICS - Micro data processing,,,1,,
ILO:DF_EMP_TEMP_SEX_OC2_NB(1.0),IND,A,EMP_TEMP_NB,SEX_F,OC2_ISCO08_96,2022,577.228,,NB,PS,3,LFS - Periodic Labour Force Survey,Repository: ILO-STATISTICS - Micro data processing,,,1,,
ILO:DF_EMP_TEMP_SEX_OC2_NB(1.0),IND,A,EMP_TEMP_NB,SEX_T,OC2_ISCO08_TOTAL,2023,471885.685,,NB,PS,3,LFS - Periodic Labour Force Survey,Repository: ILO-STATISTICS - Micro data processing,,,1,,
ILO:DF_EMP_TEMP_SEX_OC2_NB(1.0),IND,A,EMP_TEMP_NB,SEX_T,OC2_ISCO08_11,2023,10567.343,,NB,PS,3,LFS - Periodic Labour Force Survey,Repository: ILO-STATISTICS - Micro data processing,,,1,,
ILO:DF_EMP_TEMP_SEX_OC2_NB(1.0),IND,A,EMP_TEMP_NB,SEX_T,OC2_ISCO08_12,2023,3501.333,,NB,PS,3,LFS - Periodic Labour Force Survey,Repository: ILO-STATISTICS - Micro data processing,,,1,,
ILO:DF_EMP_TEMP_SEX_OC2_NB(1.0),IND,A,EMP_TEMP_NB,SEX_T,OC2_ISCO08_13,2023,1679.082,,NB,PS,3,LFS - Periodic Labour Force Survey,Repository: ILO-STATISTICS - Micro data processing,,,1,,
ILO:DF_EMP_TEMP_SEX_OC2_NB(1.0),IND,A,EMP_TEMP_NB,SEX_T,OC2_ISCO08_14,2023,1387.834,,NB,PS,3,LFS - Periodic Labour Force Survey,Repository: ILO-STATISTICS - Micro data processing,,,1,,
ILO:DF_EMP_TEMP_SEX_OC2_NB(1.0),IND,A,EMP_TEMP_NB,SEX_T,OC2_ISCO08_21,2023,2115.096,,NB,PS,3,LFS - Periodic Labour Force Survey,Repository: ILO-STATISTICS - Micro data processing,,,1,,
ILO:DF_EMP_TEMP_SEX_OC2_NB(1.0),IND,A,EMP_TEMP_NB,SEX_T,OC2_ISCO08_22,2023,2435.943,,NB,PS,3,LFS - Periodic Labour Force Survey,Repository: ILO-STATISTICS - Micro data processing,,,1,,
ILO:DF_EMP_TEMP_SEX_OC2_NB(1.0),IND,A,EMP_TEMP_NB,SEX_T,OC2_ISCO08_23,2023,12207.934,,NB,PS,3,LFS - Periodic Labour Force Survey,Repository: ILO-STATISTICS - Micro data processing,,,1,,
ILO:DF_EMP_TEMP_SEX_OC2_NB(1.0),IND,A,EMP_TEMP_NB,SEX_T,OC2_ISCO08_24,2023,3307.972,,NB,PS,3,LFS - Periodic Labour Force Survey,Repository: ILO-STATISTICS - Micro data processing,,,1,,
ILO:DF_EMP_TEMP_SEX_OC2_NB(1.0),IND,A,EMP_TEMP_NB,SEX_T,OC2_ISCO08_25,2023,3821.156,,NB,PS,3,LFS - Periodic Labour Force Survey,Repository: ILO-STATISTICS - Micro data processing,,,1,,
ILO:DF_EMP_TEMP_SEX_OC2_NB(1.0),IND,A,EMP_TEMP_NB,SEX_T,OC2_ISCO08_26,2023,2996.533,,NB,PS,3,LFS - Periodic Labour Force Survey,Repository: ILO-STATISTICS - Micro data processing,,,1,,
ILO:DF_EMP_TEMP_SEX_OC2_NB(1.0),IND,A,EMP_TEMP_NB,SEX_T,OC2_ISCO08_31,2023,3498.4,,NB,PS,3,LFS - Periodic Labour Force Survey,Repository: ILO-STATISTICS - Micro data processing,,,1,,
ILO:DF_EMP_TEMP_SEX_OC2_NB(1.0),IND,A,EMP_TEMP_NB,SEX_T,OC2_ISCO08_32,2023,2475.743,,NB,PS,3,LFS - Periodic Labour Force Survey,Repository: ILO-STATISTICS - Micro data processing,,,1,,
ILO:DF_EMP_TEMP_SEX_OC2_NB(1.0),IND,A,EMP_TEMP_NB,SEX_T,OC2_ISCO08_33,2023,3803.184,,NB,PS,3,LFS - Periodic Labour Force Survey,Repository: ILO-STATISTICS - Micro data processing,,,1,,
ILO:DF_EMP_TEMP_SEX_OC2_NB(1.0),IND,A,EMP_TEMP_NB,SEX_T,OC2_ISCO08_34,2023,1031.964,,NB,PS,3,LFS - Periodic Labour Force Survey,Repository: ILO-STATISTICS - Micro data processing,,,1,,
ILO:DF_EMP_TEMP_SEX_OC2_NB(1.0),IND,A,EMP_TEMP_NB,SEX_T,OC2_ISCO08_35,2023,467.322,,NB,PS,3,LFS - Periodic Labour Force Survey,Repository: ILO-STATISTICS - Micro data processing,,,1,,
ILO:DF_EMP_TEMP_SEX_OC2_NB(1.0),IND,A,EMP_TEMP_NB,SEX_T,OC2_ISCO08_41,2023,5386.028,,NB,PS,3,LFS - Periodic Labour Force Survey,Repository: ILO-STATISTICS - Micro data processing,,,1,,
ILO:DF_EMP_TEMP_SEX_OC2_NB(1.0),IND,A,EMP_TEMP_NB,SEX_T,OC2_ISCO08_42,2023,1349.1,,NB,PS,3,LFS - Periodic Labour Force Survey,Repository: ILO-STATISTICS - Micro data processing,,,1,,
ILO:DF_EMP_TEMP_SEX_OC2_NB(1.0),IND,A,EMP_TEMP_NB,SEX_T,OC2_ISCO08_43,2023,1590.945,,NB,PS,3,LFS - Periodic Labour Force Survey,Repository: ILO-STATISTICS - Micro data processing,,,1,,
ILO:DF_EMP_TEMP_SEX_OC2_NB(1.0),IND,A,EMP_TEMP_NB,SEX_T,OC2_ISCO08_44,2023,1891.868,,NB,PS,3,LFS - Periodic Labour Force Survey,Repository: ILO-STATISTICS - Micro data processing,,,1,,
ILO:DF_EMP_TEMP_SEX_OC2_NB(1.0),IND,A,EMP_TEMP_NB,SEX_T,OC2_ISCO08_51,2023,10073.807,,NB,PS,3,LFS - Periodic Labour Force Survey,Repository: ILO-STATISTICS - Micro data processing,,,1,,
ILO:DF_EMP_TEMP_SEX_OC2_NB(1.0),IND,A,EMP_TEMP_NB,SEX_T,OC2_ISCO08_52,2023,43421.003,,NB,PS,3,LFS - Periodic Labour Force Survey,Repository: ILO-STATISTICS - Micro data processing,,,1,,
ILO:DF_EMP_TEMP_SEX_OC2_NB(1.0),IND,A,EMP_TEMP_NB,SEX_T,OC2_ISCO08_53,2023,812.091,,NB,PS,3,LFS - Periodic Labour Force Survey,Repository: ILO-STATISTICS - Micro data processing,,,1,,
ILO:DF_EMP_TEMP_SEX_OC2_NB(1.0),IND,A,EMP_TEMP_NB,SEX_T,OC2_ISCO08_54,2023,4651.96,,NB,PS,3,LFS - Periodic Labour Force Survey,Repository: ILO-STATISTICS - Micro data processing,,,1,,
ILO:DF_EMP_TEMP_SEX_OC2_NB(1.0),IND,A,EMP_TEMP_NB,SEX_T,OC2_ISCO08_61,2023,152029.102,,NB,PS,3,LFS - Periodic Labour Force Survey,Repository: ILO-STATISTICS - Micro data processing,,,1,,
ILO:DF_EMP_TEMP_SEX_OC2_NB(1.0),IND,A,EMP_TEMP_NB,SEX_T,OC2_ISCO08_62,2023,3055.323,,NB,PS,3,LFS - Periodic Labour Force Survey,Repository: ILO-STATISTICS - Micro data processing,,,1,,
ILO:DF_EMP_TEMP_SEX_OC2_NB(1.0),IND,A,EMP_TEMP_NB,SEX_T,OC2_ISCO08_63,2023,12806.157,,NB,PS,3,LFS - Periodic Labour Force Survey,Repository: ILO-STATISTICS - Micro data processing,,,1,,
ILO:DF_EMP_TEMP_SEX_OC2_NB(1.0),IND,A,EMP_TEMP_NB,SEX_T,OC2_ISCO08_71,2023,15688.627,,NB,PS,3,LFS - Periodic Labour Force Survey,Repository: ILO-STATISTICS - Micro data processing,,,1,,
ILO:DF_EMP_TEMP_SEX_OC2_NB(1.0),IND,A,EMP_TEMP_NB,SEX_T,OC2_ISCO08_72,2023,8003.428,,NB,PS,3,LFS - Periodic Labour Force Survey,Repository: ILO-STATISTICS - Micro data processing,,,1,,
ILO:DF_EMP_TEMP_SEX_OC2_NB(1.0),IND,A,EMP_TEMP_NB,SEX_T,OC2_ISCO08_73,2023,5478.053,,NB,PS,3,LFS - Periodic Labour Force Survey,Repository: ILO-STATISTICS - Micro data processing,,,1,,
ILO:DF_EMP_TEMP_SEX_OC2_NB(1.0),IND,A,EMP_TEMP_NB,SEX_T,OC2_ISCO08_74,2023,4240.002,,NB,PS,3,LFS - Periodic Labour Force Survey,Repository: ILO-STATISTICS - Micro data processing,,,1,,
ILO:DF_EMP_TEMP_SEX_OC2_NB(1.0),IND,A,EMP_TEMP_NB,SEX_T,OC2_ISCO08_75,2023,19578.083,,NB,PS,3,LFS - Periodic Labour Force Survey,Repository: ILO-STATISTICS - Micro data processing,,,1,,
ILO:DF_EMP_TEMP_SEX_OC2_NB(1.0),IND,A,EMP_TEMP_NB,SEX_T,OC2_ISCO08_81,2023,6015.593,,NB,PS,3,LFS - Periodic Labour Force Survey,Repository: ILO-STATISTICS - Micro data processing,,,1,,
ILO:DF_EMP_TEMP_SEX_OC2_NB(1.0),IND,A,EMP_TEMP_NB,SEX_T,OC2_ISCO08_82,2023,337.723,,NB,PS,3,LFS - Periodic Labour Force Survey,Repository: ILO-STATISTICS - Micro data processing,,,1,,
ILO:DF_EMP_TEMP_SEX_OC2_NB(1.0),IND,A,EMP_TEMP_NB,SEX_T,OC2_ISCO08_83,2023,19850.758,,NB,PS,3,LFS - Periodic Labour Force Survey,Repository: ILO-STATISTICS - Micro data processing,,,1,,
ILO:DF_EMP_TEMP_SEX_OC2_NB(1.0),IND,A,EMP_TEMP_NB,SEX_T,OC2_ISCO08_91,2023,7410.126,,NB,PS,3,LFS - Periodic Labour Force Survey,Repository: ILO-STATISTICS - Micro data processing,,,1,,
ILO:DF_EMP_TEMP_SEX_OC2_NB(1.0),IND,A,EMP_TEMP_NB,SEX_T,OC2_ISCO08_92,2023,35702.828,,NB,PS,3,LFS - Periodic Labour Force Survey,Repository: ILO-STATISTICS - Micro data processing,,,1,,
ILO:DF_EMP_TEMP_SEX_OC2_NB(1.0),IND,A,EMP_TEMP_NB,SEX_T,OC2_ISCO08_93,2023,52695.603,,NB,PS,3,LFS - Periodic Labour Force Survey,Repository: ILO-STATISTICS - Micro data processing,,,1,,
ILO:DF_EMP_TEMP_SEX_OC2_NB(1.0),IND,A,EMP_TEMP_NB,SEX_T,OC2_ISCO08_94,2023,395.116,,NB,PS,3,LFS - Periodic Labour Force Survey,Repository: ILO-STATISTICS - Micro data processing,,,1,,
ILO:DF_EMP_TEMP_SEX_OC2_NB(1.0),IND,A,EMP_TEMP_NB,SEX_T,OC2_ISCO08_95,2023,1528.141,,NB,PS,3,LFS - Periodic Labour Force Survey,Repository: ILO-STATISTICS - Micro data processing,,,1,,
ILO:DF_EMP_TEMP_SEX_OC2_NB(1.0),IND,A,EMP_TEMP_NB,SEX_T,OC2_ISCO08_96,2023,2597.383,,NB,PS,3,LFS - Periodic Labour Force Survey,Repository: ILO-STATISTICS - Micro data processing,,,1,,
ILO:DF_EMP_TEMP_SEX_OC2_NB(1.0),IND,A,EMP_TEMP_NB,SEX_M,OC2_ISCO08_TOTAL,2023,323285.03,,NB,PS,3,LFS - Periodic Labour Force Survey,Repository: ILO-STATISTICS - Micro data processing,,,1,,
ILO:DF_EMP_TEMP_SEX_OC2_NB(1.0),IND,A,EMP_TEMP_NB,SEX_M,OC2_ISCO08_11,2023,9167.55,,NB,PS,3,LFS - Periodic Labour Force Survey,Repository: ILO-STATISTICS - Micro data processing,,,1,,
ILO:DF_EMP_TEMP_SEX_OC2_NB(1.0),IND,A,EMP_TEMP_NB,SEX_M,OC2_ISCO08_12,2023,3087.314,,NB,PS,3,LFS - Periodic Labour Force Survey,Repository: ILO-STATISTICS - Micro data processing,,,1,,
ILO:DF_EMP_TEMP_SEX_OC2_NB(1.0),IND,A,EMP_TEMP_NB,SEX_M,OC2_ISCO08_13,2023,1488.869,,NB,PS,3,LFS - Periodic Labour Force Survey,Repository: ILO-STATISTICS - Micro data processing,,,1,,
ILO:DF_EMP_TEMP_SEX_OC2_NB(1.0),IND,A,EMP_TEMP_NB,SEX_M,OC2_ISCO08_14,2023,1235.914,,NB,PS,3,LFS - Periodic Labour Force Survey,Repository: ILO-STATISTICS - Micro data processing,,,1,,
ILO:DF_EMP_TEMP_SEX_OC2_NB(1.0),IND,A,EMP_TEMP_NB,SEX_M,OC2_ISCO08_21,2023,1879.453,,NB,PS,3,LFS - Periodic Labour Force Survey,Repository: ILO-STATISTICS - Micro data processing,,,1,,
ILO:DF_EMP_TEMP_SEX_OC2_NB(1.0),IND,A,EMP_TEMP_NB,SEX_M,OC2_ISCO08_22,2023,1346.815,,NB,PS,3,LFS - Periodic Labour Force Survey,Repository: ILO-STATISTICS - Micro data processing,,,1,,
ILO:DF_EMP_TEMP_SEX_OC2_NB(1.0),IND,A,EMP_TEMP_NB,SEX_M,OC2_ISCO08_23,2023,5932.248,,NB,PS,3,LFS - Periodic Labour Force Survey,Repository: ILO-STATISTICS - Micro data processing,,,1,,
ILO:DF_EMP_TEMP_SEX_OC2_NB(1.0),IND,A,EMP_TEMP_NB,SEX_M,OC2_ISCO08_24,2023,2494.31,,NB,PS,3,LFS - Periodic Labour Force Survey,Repository: ILO-STATISTICS - Micro data processing,,,1,,
ILO:DF_EMP_TEMP_SEX_OC2_NB(1.0),IND,A,EMP_TEMP_NB,SEX_M,OC2_ISCO08_25,2023,2824.499,,NB,PS,3,LFS - Periodic Labour Force Survey,Repository: ILO-STATISTICS - Micro data processing,,,1,,
ILO:DF_EMP_TEMP_SEX_OC2_NB(1.0),IND,A,EMP_TEMP_NB,SEX_M,OC2_ISCO08_26,2023,2645.66,,NB,PS,3,LFS - Periodic Labour Force Survey,Repository: ILO-STATISTICS - Micro data processing,,,1,,
ILO:DF_EMP_TEMP_SEX_OC2_NB(1.0),IND,A,EMP_TEMP_NB,SEX_M,OC2_ISCO08_31,2023,3266.509,,NB,PS,3,LFS - Periodic Labour Force Survey,Repository: ILO-STATISTICS - Micro data processing,,,1,,
ILO:DF_EMP_TEMP_SEX_OC2_NB(1.0),IND,A,EMP_TEMP_NB,SEX_M,OC2_ISCO08_32,2023,641.577,,NB,PS,3,LFS - Periodic Labour Force Survey,Repository: ILO-STATISTICS - Micro data processing,,,1,,
ILO:DF_EMP_TEMP_SEX_OC2_NB(1.0),IND,A,EMP_TEMP_NB,SEX_M,OC2_ISCO08_33,2023,3251.458,,NB,PS,3,LFS - Periodic Labour Force Survey,Repository: ILO-STATISTICS - Micro data processing,,,1,,
ILO:DF_EMP_TEMP_SEX_OC2_NB(1.0),IND,A,EMP_TEMP_NB,SEX_M,OC2_ISCO08_34,2023,872.286,,NB,PS,3,LFS - Periodic Labour Force Survey,Repository: ILO-STATISTICS - Micro data processing,,,1,,
ILO:DF_EMP_TEMP_SEX_OC2_NB(1.0),IND,A,EMP_TEMP_NB,SEX_M,OC2_ISCO08_35,2023,385.681,,NB,PS,3,LFS - Periodic Labour Force Survey,Repository: ILO-STATISTICS - Micro data processing,,,1,,
ILO:DF_EMP_TEMP_SEX_OC2_NB(1.0),IND,A,EMP_TEMP_NB,SEX_M,OC2_ISCO08_41,2023,4242.258,,NB,PS,3,LFS - Periodic Labour Force Survey,Repository: ILO-STATISTICS - Micro data processing,,,1,,
ILO:DF_EMP_TEMP_SEX_OC2_NB(1.0),IND,A,EMP_TEMP_NB,SEX_M,OC2_ISCO08_42,2023,961.178,,NB,PS,3,LFS - Periodic Labour Force Survey,Repository: ILO-STATISTICS - Micro data processing,,,1,,
ILO:DF_EMP_TEMP_SEX_OC2_NB(1.0),IND,A,EMP_TEMP_NB,SEX_M,OC2_ISCO08_43,2023,1210.033,,NB,PS,3,LFS - Periodic Labour Force Survey,Repository: ILO-STATISTICS - Micro data processing,,,1,,
ILO:DF_EMP_TEMP_SEX_OC2_NB(1.0),IND,A,EMP_TEMP_NB,SEX_M,OC2_ISCO08_44,2023,1546.076,,NB,PS,3,LFS - Periodic Labour Force Survey,Repository: ILO-STATISTICS - Micro data processing,,,1,,
ILO:DF_EMP_TEMP_SEX_OC2_NB(1.0),IND,A,EMP_TEMP_NB,SEX_M,OC2_ISCO08_51,2023,6360.713,,NB,PS,3,LFS - Periodic Labour Force Survey,Repository: ILO-STATISTICS - Micro data processing,,,1,,
ILO:DF_EMP_TEMP_SEX_OC2_NB(1.0),IND,A,EMP_TEMP_NB,SEX_M,OC2_ISCO08_52,2023,35338.248,,NB,PS,3,LFS - Periodic Labour Force Survey,Repository: ILO-STATISTICS - Micro data processing,,,1,,
ILO:DF_EMP_TEMP_SEX_OC2_NB(1.0),IND,A,EMP_TEMP_NB,SEX_M,OC2_ISCO08_53,2023,128.938,,NB,PS,3,LFS - Periodic Labour Force Survey,Repository: ILO-STATISTICS - Micro data processing,,,1,,
ILO:DF_EMP_TEMP_SEX_OC2_NB(1.0),IND,A,EMP_TEMP_NB,SEX_M,OC2_ISCO08_54,2023,4468.644,,NB,PS,3,LFS - Periodic Labour Force Survey,Repository: ILO-STATISTICS - Micro data processing,,,1,,
ILO:DF_EMP_TEMP_SEX_OC2_NB(1.0),IND,A,EMP_TEMP_NB,SEX_M,OC2_ISCO08_61,2023,88066.892,,NB,PS,3,LFS - Periodic Labour Force Survey,Repository: ILO-STATISTICS - Micro data processing,,,1,,
ILO:DF_EMP_TEMP_SEX_OC2_NB(1.0),IND,A,EMP_TEMP_NB,SEX_M,OC2_ISCO08_62,2023,1657.948,,NB,PS,3,LFS - Periodic Labour Force Survey,Repository: ILO-STATISTICS - Micro data processing,,,1,,
ILO:DF_EMP_TEMP_SEX_OC2_NB(1.0),IND,A,EMP_TEMP_NB,SEX_M,OC2_ISCO08_63,2023,5584.326,,NB,PS,3,LFS - Periodic Labour Force Survey,Repository: ILO-STATISTICS - Micro data processing,,,1,,
ILO:DF_EMP_TEMP_SEX_OC2_NB(1.0),IND,A,EMP_TEMP_NB,SEX_M,OC2_ISCO08_71,2023,15507.257,,NB,PS,3,LFS - Periodic Labour Force Survey,Repository: ILO-STATISTICS - Micro data processing,,,1,,
ILO:DF_EMP_TEMP_SEX_OC2_NB(1.0),IND,A,EMP_TEMP_NB,SEX_M,OC2_ISCO08_72,2023,7896.694,,NB,PS,3,LFS - Periodic Labour Force Survey,Repository: ILO-STATISTICS - Micro data processing,,,1,,
ILO:DF_EMP_TEMP_SEX_OC2_NB(1.0),IND,A,EMP_TEMP_NB,SEX_M,OC2_ISCO08_73,2023,3342.093,,NB,PS,3,LFS - Periodic Labour Force Survey,Repository: ILO-STATISTICS - Micro data processing,,,1,,
ILO:DF_EMP_TEMP_SEX_OC2_NB(1.0),IND,A,EMP_TEMP_NB,SEX_M,OC2_ISCO08_74,2023,4229.89,,NB,PS,3,LFS - Periodic Labour Force Survey,Repository: ILO-STATISTICS - Micro data processing,,,1,,
ILO:DF_EMP_TEMP_SEX_OC2_NB(1.0),IND,A,EMP_TEMP_NB,SEX_M,OC2_ISCO08_75,2023,8193.288,,NB,PS,3,LFS - Periodic Labour Force Survey,Repository: ILO-STATISTICS - Micro data processing,,,1,,
ILO:DF_EMP_TEMP_SEX_OC2_NB(1.0),IND,A,EMP_TEMP_NB,SEX_M,OC2_ISCO08_81,2023,5109.385,,NB,PS,3,LFS - Periodic Labour Force Survey,Repository: ILO-STATISTICS - Micro data processing,,,1,,
ILO:DF_EMP_TEMP_SEX_OC2_NB(1.0),IND,A,EMP_TEMP_NB,SEX_M,OC2_ISCO08_82,2023,303.142,,NB,PS,3,LFS - Periodic Labour Force Survey,Repository: ILO-STATISTICS - Micro data processing,,,1,,
ILO:DF_EMP_TEMP_SEX_OC2_NB(1.0),IND,A,EMP_TEMP_NB,SEX_M,OC2_ISCO08_83,2023,19797.206,,NB,PS,3,LFS - Periodic Labour Force Survey,Repository: ILO-STATISTICS - Micro data processing,,,1,,
ILO:DF_EMP_TEMP_SEX_OC2_NB(1.0),IND,A,EMP_TEMP_NB,SEX_M,OC2_ISCO08_91,2023,2552.021,,NB,PS,3,LFS - Periodic Labour Force Survey,Repository: ILO-STATISTICS - Micro data processing,,,1,,
ILO:DF_EMP_TEMP_SEX_OC2_NB(1.0),IND,A,EMP_TEMP_NB,SEX_M,OC2_ISCO08_92,2023,18360.626,,NB,PS,3,LFS - Periodic Labour Force Survey,Repository: ILO-STATISTICS - Micro data processing,,,1,,
ILO:DF_EMP_TEMP_SEX_OC2_NB(1.0),IND,A,EMP_TEMP_NB,SEX_M,OC2_ISCO08_93,2023,44735.944,,NB,PS,3,LFS - Periodic Labour Force Survey,Repository: ILO-STATISTICS - Micro data processing,,,1,,
ILO:DF_EMP_TEMP_SEX_OC2_NB(1.0),IND,A,EMP_TEMP_NB,SEX_M,OC2_ISCO08_94,2023,179.086,,NB,PS,3,LFS - Periodic Labour Force Survey,Repository: ILO-STATISTICS - Micro data processing,,,1,,
ILO:DF_EMP_TEMP_SEX_OC2_NB(1.0),IND,A,EMP_TEMP_NB,SEX_M,OC2_ISCO08_95,2023,1265.957,,NB,PS,3,LFS - Periodic Labour Force Survey,Repository: ILO-STATISTICS - Micro data processing,,,1,,
ILO:DF_EMP_TEMP_SEX_OC2_NB(1.0),IND,A,EMP_TEMP_NB,SEX_M,OC2_ISCO08_96,2023,1727.046,,NB,PS,3,LFS - Periodic Labour Force Survey,Repository: ILO-STATISTICS - Micro data processing,,,1,,
ILO:DF_EMP_TEMP_SEX_OC2_NB(1.0),IND,A,EMP_TEMP_NB,SEX_F,OC2_ISCO08_TOTAL,2023,148584.642,,NB,PS,3,LFS - Periodic Labour Force Survey,Repository: ILO-STATISTICS - Micro data processing,,,1,,
ILO:DF_EMP_TEMP_SEX_OC2_NB(1.0),IND,A,EMP_TEMP_NB,SEX_F,OC2_ISCO08_11,2023,1399.793,,NB,PS,3,LFS - Periodic Labour Force Survey,Repository: ILO-STATISTICS - Micro data processing,,,1,,
ILO:DF_EMP_TEMP_SEX_OC2_NB(1.0),IND,A,EMP_TEMP_NB,SEX_F,OC2_ISCO08_12,2023,414.02,,NB,PS,3,LFS - Periodic Labour Force Survey,Repository: ILO-STATISTICS - Micro data processing,,,1,,
ILO:DF_EMP_TEMP_SEX_OC2_NB(1.0),IND,A,EMP_TEMP_NB,SEX_F,OC2_ISCO08_13,2023,190.213,,NB,PS,3,LFS - Periodic Labour Force Survey,Repository: ILO-STATISTICS - Micro data processing,,,1,,
ILO:DF_EMP_TEMP_SEX_OC2_NB(1.0),IND,A,EMP_TEMP_NB,SEX_F,OC2_ISCO08_14,2023,151.92,,NB,PS,3,LFS - Periodic Labour Force Survey,Repository: ILO-STATISTICS - Micro data processing,,,1,,
ILO:DF_EMP_TEMP_SEX_OC2_NB(1.0),IND,A,EMP_TEMP_NB,SEX_F,OC2_ISCO08_21,2023,235.643,,NB,PS,3,LFS - Periodic Labour Force Survey,Repository: ILO-STATISTICS - Micro data processing,,,1,,
ILO:DF_EMP_TEMP_SEX_OC2_NB(1.0),IND,A,EMP_TEMP_NB,SEX_F,OC2_ISCO08_22,2023,1089.128,,NB,PS,3,LFS - Periodic Labour Force Survey,Repository: ILO-STATISTICS - Micro data processing,,,1,,
ILO:DF_EMP_TEMP_SEX_OC2_NB(1.0),IND,A,EMP_TEMP_NB,SEX_F,OC2_ISCO08_23,2023,6275.687,,NB,PS,3,LFS - Periodic Labour Force Survey,Repository: ILO-STATISTICS - Micro data processing,,,1,,
ILO:DF_EMP_TEMP_SEX_OC2_NB(1.0),IND,A,EMP_TEMP_NB,SEX_F,OC2_ISCO08_24,2023,813.662,,NB,PS,3,LFS - Periodic Labour Force Survey,Repository: ILO-STATISTICS - Micro data processing,,,1,,
ILO:DF_EMP_TEMP_SEX_OC2_NB(1.0),IND,A,EMP_TEMP_NB,SEX_F,OC2_ISCO08_25,2023,996.657,,NB,PS,3,LFS - Periodic Labour Force Survey,Repository: ILO-STATISTICS - Micro data processing,,,1,,
ILO:DF_EMP_TEMP_SEX_OC2_NB(1.0),IND,A,EMP_TEMP_NB,SEX_F,OC2_ISCO08_26,2023,348.942,,NB,PS,3,LFS - Periodic Labour Force Survey,Repository: ILO-STATISTICS - Micro data processing,,,1,,
ILO:DF_EMP_TEMP_SEX_OC2_NB(1.0),IND,A,EMP_TEMP_NB,SEX_F,OC2_ISCO08_31,2023,231.891,,NB,PS,3,LFS - Periodic Labour Force Survey,Repository: ILO-STATISTICS - Micro data processing,,,1,,
ILO:DF_EMP_TEMP_SEX_OC2_NB(1.0),IND,A,EMP_TEMP_NB,SEX_F,OC2_ISCO08_32,2023,1834.166,,NB,PS,3,LFS - Periodic Labour Force Survey,Repository: ILO-STATISTICS - Micro data processing,,,1,,
ILO:DF_EMP_TEMP_SEX_OC2_NB(1.0),IND,A,EMP_TEMP_NB,SEX_F,OC2_ISCO08_33,2023,551.727,,NB,PS,3,LFS - Periodic Labour Force Survey,Repository: ILO-STATISTICS - Micro data processing,,,1,,
ILO:DF_EMP_TEMP_SEX_OC2_NB(1.0),IND,A,EMP_TEMP_NB,SEX_F,OC2_ISCO08_34,2023,159.678,,NB,PS,3,LFS - Periodic Labour Force Survey,Repository: ILO-STATISTICS - Micro data processing,,,1,,
ILO:DF_EMP_TEMP_SEX_OC2_NB(1.0),IND,A,EMP_TEMP_NB,SEX_F,OC2_ISCO08_35,2023,81.641,,NB,PS,3,LFS - Periodic Labour Force Survey,Repository: ILO-STATISTICS - Micro data processing,,,1,,
ILO:DF_EMP_TEMP_SEX_OC2_NB(1.0),IND,A,EMP_TEMP_NB,SEX_F,OC2_ISCO08_41,2023,1143.77,,NB,PS,3,LFS - Periodic Labour Force Survey,Repository: ILO-STATISTICS - Micro data processing,,,1,,
ILO:DF_EMP_TEMP_SEX_OC2_NB(1.0),IND,A,EMP_TEMP_NB,SEX_F,OC2_ISCO08_42,2023,387.922,,NB,PS,3,LFS - Periodic Labour Force Survey,Repository: ILO-STATISTICS - Micro data processing,,,1,,
ILO:DF_EMP_TEMP_SEX_OC2_NB(1.0),IND,A,EMP_TEMP_NB,SEX_F,OC2_ISCO08_43,2023,380.912,,NB,PS,3,LFS - Periodic Labour Force Survey,Repository: ILO-STATISTICS - Micro data processing,,,1,,
ILO:DF_EMP_TEMP_SEX_OC2_NB(1.0),IND,A,EMP_TEMP_NB,SEX_F,OC2_ISCO08_44,2023,345.792,,NB,PS,3,LFS - Periodic Labour Force Survey,Repository: ILO-STATISTICS - Micro data processing,,,1,,
ILO:DF_EMP_TEMP_SEX_OC2_NB(1.0),IND,A,EMP_TEMP_NB,SEX_F,OC2_ISCO08_51,2023,3712.527,,NB,PS,3,LFS - Periodic Labour Force Survey,Repository: ILO-STATISTICS - Micro data processing,,,1,,
ILO:DF_EMP_TEMP_SEX_OC2_NB(1.0),IND,A,EMP_TEMP_NB,SEX_F,OC2_ISCO08_52,2023,8082.416,,NB,PS,3,LFS - Periodic Labour Force Survey,Repository: ILO-STATISTICS - Micro data processing,,,1,,
ILO:DF_EMP_TEMP_SEX_OC2_NB(1.0),IND,A,EMP_TEMP_NB,SEX_F,OC2_ISCO08_53,2023,683.154,,NB,PS,3,LFS - Periodic Labour Force Survey,Repository: ILO-STATISTICS - Micro data processing,,,1,,
ILO:DF_EMP_TEMP_SEX_OC2_NB(1.0),IND,A,EMP_TEMP_NB,SEX_F,OC2_ISCO08_54,2023,183.315,,NB,PS,3,LFS - Periodic Labour Force Survey,Repository: ILO-STATISTICS - Micro data processing,,,1,,
ILO:DF_EMP_TEMP_SEX_OC2_NB(1.0),IND,A,EMP_TEMP_NB,SEX_F,OC2_ISCO08_61,2023,63952.661,,NB,PS,3,LFS - Periodic Labour Force Survey,Repository: ILO-STATISTICS - Micro data processing,,,1,,
ILO:DF_EMP_TEMP_SEX_OC2_NB(1.0),IND,A,EMP_TEMP_NB,SEX_F,OC2_ISCO08_62,2023,1397.375,,NB,PS,3,LFS - Periodic Labour Force Survey,Repository: ILO-STATISTICS - Micro data processing,,,1,,
ILO:DF_EMP_TEMP_SEX_OC2_NB(1.0),IND,A,EMP_TEMP_NB,SEX_F,OC2_ISCO08_63,2023,7221.83,,NB,PS,3,LFS - Periodic Labour Force Survey,Repository: ILO-STATISTICS - Micro data processing,,,1,,
ILO:DF_EMP_TEMP_SEX_OC2_NB(1.0),IND,A,EMP_TEMP_NB,SEX_F,OC2_ISCO08_71,2023,181.37,,NB,PS,3,LFS - Periodic Labour Force Survey,Repository: ILO-STATISTICS - Micro data processing,,,1,,
ILO:DF_EMP_TEMP_SEX_OC2_NB(1.0),IND,A,EMP_TEMP_NB,SEX_F,OC2_ISCO08_72,2023,106.735,,NB,PS,3,LFS - Periodic Labour Force Survey,Repository: ILO-STATISTICS - Micro data processing,,,1,,
ILO:DF_EMP_TEMP_SEX_OC2_NB(1.0),IND,A,EMP_TEMP_NB,SEX_F,OC2_ISCO08_73,2023,2135.96,,NB,PS,3,LFS - Periodic Labour Force Survey,Repository: ILO-STATISTICS - Micro data processing,,,1,,
ILO:DF_EMP_TEMP_SEX_OC2_NB(1.0),IND,A,EMP_TEMP_NB,SEX_F,OC2_ISCO08_74,2023,10.112,U,NB,PS,3,LFS - Periodic Labour Force Survey,Repository: ILO-STATISTICS - Micro data processing,,,1,,
ILO:DF_EMP_TEMP_SEX_OC2_NB(1.0),IND,A,EMP_TEMP_NB,SEX_F,OC2_ISCO08_75,2023,11381.169,,NB,PS,3,LFS - Periodic Labour Force Survey,Repository: ILO-STATISTICS - Micro data processing,,,1,,
ILO:DF_EMP_TEMP_SEX_OC2_NB(1.0),IND,A,EMP_TEMP_NB,SEX_F,OC2_ISCO08_81,2023,906.208,,NB,PS,3,LFS - Periodic Labour Force Survey,Repository: ILO-STATISTICS - Micro data processing,,,1,,
ILO:DF_EMP_TEMP_SEX_OC2_NB(1.0),IND,A,EMP_TEMP_NB,SEX_F,OC2_ISCO08_82,2023,34.581,,NB,PS,3,LFS - Periodic Labour Force Survey,Repository: ILO-STATISTICS - Micro data processing,,,1,,
ILO:DF_EMP_TEMP_SEX_OC2_NB(1.0),IND,A,EMP_TEMP_NB,SEX_F,OC2_ISCO08_83,2023,53.552,,NB,PS,3,LFS - Periodic Labour Force Survey,Repository: ILO-STATISTICS - Micro data processing,,,1,,
ILO:DF_EMP_TEMP_SEX_OC2_NB(1.0),IND,A,EMP_TEMP_NB,SEX_F,OC2_ISCO08_91,2023,4858.105,,NB,PS,3,LFS - Periodic Labour Force Survey,Repository: ILO-STATISTICS - Micro data processing,,,1,,
ILO:DF_EMP_TEMP_SEX_OC2_NB(1.0),IND,A,EMP_TEMP_NB,SEX_F,OC2_ISCO08_92,2023,17342.202,,NB,PS,3,LFS - Periodic Labour Force Survey,Repository: ILO-STATISTICS - Micro data processing,,,1,,
ILO:DF_EMP_TEMP_SEX_OC2_NB(1.0),IND,A,EMP_TEMP_NB,SEX_F,OC2_ISCO08_93,2023,7959.659,,NB,PS,3,LFS - Periodic Labour Force Survey,Repository: ILO-STATISTICS - Micro data processing,,,1,,
ILO:DF_EMP_TEMP_SEX_OC2_NB(1.0),IND,A,EMP_TEMP_NB,SEX_F,OC2_ISCO08_94,2023,216.03,,NB,PS,3,LFS - Periodic Labour Force Survey,Repository: ILO-STATISTICS - Micro data processing,,,1,,
ILO:DF_EMP_TEMP_SEX_OC2_NB(1.0),IND,A,EMP_TEMP_NB,SEX_F,OC2_ISCO08_95,2023,262.183,,NB,PS,3,LFS - Periodic Labour Force Survey,Repository: ILO-STATISTICS - Micro data processing,,,1,,
ILO:DF_EMP_TEMP_SEX_OC2_NB(1.0),IND,A,EMP_TEMP_NB,SEX_F,OC2_ISCO08_96,2023,870.337,,NB,PS,3,LFS - Periodic Labour Force Survey,Repository: ILO-STATISTICS - Micro data processing,,,1,,
ILO:DF_EMP_TEMP_SEX_OC2_NB(1.0),IND,A,EMP_TEMP_NB,SEX_T,OC2_ISCO08_TOTAL,2024,482793.235,,NB,PS,3,LFS - Periodic Labour Force Survey,Repository: ILO-STATISTICS - Micro data processing,,,1,,
ILO:DF_EMP_TEMP_SEX_OC2_NB(1.0),IND,A,EMP_TEMP_NB,SEX_T,OC2_ISCO08_11,2024,10342.756,,NB,PS,3,LFS - Periodic Labour Force Survey,Repository: ILO-STATISTICS - Micro data processing,,,1,,
ILO:DF_EMP_TEMP_SEX_OC2_NB(1.0),IND,A,EMP_TEMP_NB,SEX_T,OC2_ISCO08_12,2024,3495.109,,NB,PS,3,LFS - Periodic Labour Force Survey,Repository: ILO-STATISTICS - Micro data processing,,,1,,
ILO:DF_EMP_TEMP_SEX_OC2_NB(1.0),IND,A,EMP_TEMP_NB,SEX_T,OC2_ISCO08_13,2024,1854.805,,NB,PS,3,LFS - Periodic Labour Force Survey,Repository: ILO-STATISTICS - Micro data processing,,,1,,
ILO:DF_EMP_TEMP_SEX_OC2_NB(1.0),IND,A,EMP_TEMP_NB,SEX_T,OC2_ISCO08_14,2024,1369.317,,NB,PS,3,LFS - Periodic Labour Force Survey,Repository: ILO-STATISTICS - Micro data processing,,,1,,
ILO:DF_EMP_TEMP_SEX_OC2_NB(1.0),IND,A,EMP_TEMP_NB,SEX_T,OC2_ISCO08_21,2024,2215.29,,NB,PS,3,LFS - Periodic Labour Force Survey,Repository: ILO-STATISTICS - Micro data processing,,,1,,
ILO:DF_EMP_TEMP_SEX_OC2_NB(1.0),IND,A,EMP_TEMP_NB,SEX_T,OC2_ISCO08_22,2024,2219.414,,NB,PS,3,LFS - Periodic Labour Force Survey,Repository: ILO-STATISTICS - Micro data processing,,,1,,
ILO:DF_EMP_TEMP_SEX_OC2_NB(1.0),IND,A,EMP_TEMP_NB,SEX_T,OC2_ISCO08_23,2024,11974.791,,NB,PS,3,LFS - Periodic Labour Force Survey,Repository: ILO-STATISTICS - Micro data processing,,,1,,
ILO:DF_EMP_TEMP_SEX_OC2_NB(1.0),IND,A,EMP_TEMP_NB,SEX_T,OC2_ISCO08_24,2024,3820.543,,NB,PS,3,LFS - Periodic Labour Force Survey,Repository: ILO-STATISTICS - Micro data processing,,,1,,
ILO:DF_EMP_TEMP_SEX_OC2_NB(1.0),IND,A,EMP_TEMP_NB,SEX_T,OC2_ISCO08_25,2024,3940.218,,NB,PS,3,LFS - Periodic Labour Force Survey,Repository: ILO-STATISTICS - Micro data processing,,,1,,
ILO:DF_EMP_TEMP_SEX_OC2_NB(1.0),IND,A,EMP_TEMP_NB,SEX_T,OC2_ISCO08_26,2024,3176.748,,NB,PS,3,LFS - Periodic Labour Force Survey,Repository: ILO-STATISTICS - Micro data processing,,,1,,
ILO:DF_EMP_TEMP_SEX_OC2_NB(1.0),IND,A,EMP_TEMP_NB,SEX_T,OC2_ISCO08_31,2024,3537.817,,NB,PS,3,LFS - Periodic Labour Force Survey,Repository: ILO-STATISTICS - Micro data processing,,,1,,
ILO:DF_EMP_TEMP_SEX_OC2_NB(1.0),IND,A,EMP_TEMP_NB,SEX_T,OC2_ISCO08_32,2024,2872.37,,NB,PS,3,LFS - Periodic Labour Force Survey,Repository: ILO-STATISTICS - Micro data processing,,,1,,
ILO:DF_EMP_TEMP_SEX_OC2_NB(1.0),IND,A,EMP_TEMP_NB,SEX_T,OC2_ISCO08_33,2024,3692.196,,NB,PS,3,LFS - Periodic Labour Force Survey,Repository: ILO-STATISTICS - Micro data processing,,,1,,
ILO:DF_EMP_TEMP_SEX_OC2_NB(1.0),IND,A,EMP_TEMP_NB,SEX_T,OC2_ISCO08_34,2024,1064.669,,NB,PS,3,LFS - Periodic Labour Force Survey,Repository: ILO-STATISTICS - Micro data processing,,,1,,
ILO:DF_EMP_TEMP_SEX_OC2_NB(1.0),IND,A,EMP_TEMP_NB,SEX_T,OC2_ISCO08_35,2024,509.507,,NB,PS,3,LFS - Periodic Labour Force Survey,Repository: ILO-STATISTICS - Micro data processing,,,1,,
ILO:DF_EMP_TEMP_SEX_OC2_NB(1.0),IND,A,EMP_TEMP_NB,SEX_T,OC2_ISCO08_41,2024,5652.061,,NB,PS,3,LFS - Periodic Labour Force Survey,Repository: ILO-STATISTICS - Micro data processing,,,1,,
ILO:DF_EMP_TEMP_SEX_OC2_NB(1.0),IND,A,EMP_TEMP_NB,SEX_T,OC2_ISCO08_42,2024,1541.281,,NB,PS,3,LFS - Periodic Labour Force Survey,Repository: ILO-STATISTICS - Micro data processing,,,1,,
ILO:DF_EMP_TEMP_SEX_OC2_NB(1.0),IND,A,EMP_TEMP_NB,SEX_T,OC2_ISCO08_43,2024,1645.792,,NB,PS,3,LFS - Periodic Labour Force Survey,Repository: ILO-STATISTICS - Micro data processing,,,1,,
ILO:DF_EMP_TEMP_SEX_OC2_NB(1.0),IND,A,EMP_TEMP_NB,SEX_T,OC2_ISCO08_44,2024,2155.427,,NB,PS,3,LFS - Periodic Labour Force Survey,Repository: ILO-STATISTICS - Micro data processing,,,1,,
ILO:DF_EMP_TEMP_SEX_OC2_NB(1.0),IND,A,EMP_TEMP_NB,SEX_T,OC2_ISCO08_51,2024,11033.767,,NB,PS,3,LFS - Periodic Labour Force Survey,Repository: ILO-STATISTICS - Micro data processing,,,1,,
ILO:DF_EMP_TEMP_SEX_OC2_NB(1.0),IND,A,EMP_TEMP_NB,SEX_T,OC2_ISCO08_52,2024,43181.252,,NB,PS,3,LFS - Periodic Labour Force Survey,Repository: ILO-STATISTICS - Micro data processing,,,1,,
ILO:DF_EMP_TEMP_SEX_OC2_NB(1.0),IND,A,EMP_TEMP_NB,SEX_T,OC2_ISCO08_53,2024,1000.844,,NB,PS,3,LFS - Periodic Labour Force Survey,Repository: ILO-STATISTICS - Micro data processing,,,1,,
ILO:DF_EMP_TEMP_SEX_OC2_NB(1.0),IND,A,EMP_TEMP_NB,SEX_T,OC2_ISCO08_54,2024,5180.325,,NB,PS,3,LFS - Periodic Labour Force Survey,Repository: ILO-STATISTICS - Micro data processing,,,1,,
ILO:DF_EMP_TEMP_SEX_OC2_NB(1.0),IND,A,EMP_TEMP_NB,SEX_T,OC2_ISCO08_61,2024,153371.533,,NB,PS,3,LFS - Periodic Labour Force Survey,Repository: ILO-STATISTICS - Micro data processing,,,1,,
ILO:DF_EMP_TEMP_SEX_OC2_NB(1.0),IND,A,EMP_TEMP_NB,SEX_T,OC2_ISCO08_62,2024,2296.98,,NB,PS,3,LFS - Periodic Labour Force Survey,Repository: ILO-STATISTICS - Micro data processing,,,1,,
ILO:DF_EMP_TEMP_SEX_OC2_NB(1.0),IND,A,EMP_TEMP_NB,SEX_T,OC2_ISCO08_63,2024,14419.444,,NB,PS,3,LFS - Periodic Labour Force Survey,Repository: ILO-STATISTICS - Micro data processing,,,1,,
ILO:DF_EMP_TEMP_SEX_OC2_NB(1.0),IND,A,EMP_TEMP_NB,SEX_T,OC2_ISCO08_71,2024,16140.651,,NB,PS,3,LFS - Periodic Labour Force Survey,Repository: ILO-STATISTICS - Micro data processing,,,1,,
ILO:DF_EMP_TEMP_SEX_OC2_NB(1.0),IND,A,EMP_TEMP_NB,SEX_T,OC2_ISCO08_72,2024,8193.098,,NB,PS,3,LFS - Periodic Labour Force Survey,Repository: ILO-STATISTICS - Micro data processing,,,1,,
ILO:DF_EMP_TEMP_SEX_OC2_NB(1.0),IND,A,EMP_TEMP_NB,SEX_T,OC2_ISCO08_73,2024,6292.181,,NB,PS,3,LFS - Periodic Labour Force Survey,Repository: ILO-STATISTICS - Micro data processing,,,1,,
ILO:DF_EMP_TEMP_SEX_OC2_NB(1.0),IND,A,EMP_TEMP_NB,SEX_T,OC2_ISCO08_74,2024,4678.095,,NB,PS,3,LFS - Periodic Labour Force Survey,Repository: ILO-STATISTICS - Micro data processing,,,1,,
ILO:DF_EMP_TEMP_SEX_OC2_NB(1.0),IND,A,EMP_TEMP_NB,SEX_T,OC2_ISCO08_75,2024,19314.266,,NB,PS,3,LFS - Periodic Labour Force Survey,Repository: ILO-STATISTICS - Micro data processing,,,1,,
ILO:DF_EMP_TEMP_SEX_OC2_NB(1.0),IND,A,EMP_TEMP_NB,SEX_T,OC2_ISCO08_81,2024,6395.743,,NB,PS,3,LFS - Periodic Labour Force Survey,Repository: ILO-STATISTICS - Micro data processing,,,1,,
ILO:DF_EMP_TEMP_SEX_OC2_NB(1.0),IND,A,EMP_TEMP_NB,SEX_T,OC2_ISCO08_82,2024,367.856,,NB,PS,3,LFS - Periodic Labour Force Survey,Repository: ILO-STATISTICS - Micro data processing,,,1,,
ILO:DF_EMP_TEMP_SEX_OC2_NB(1.0),IND,A,EMP_TEMP_NB,SEX_T,OC2_ISCO08_83,2024,21690.857,,NB,PS,3,LFS - Periodic Labour Force Survey,Repository: ILO-STATISTICS - Micro data processing,,,1,,
ILO:DF_EMP_TEMP_SEX_OC2_NB(1.0),IND,A,EMP_TEMP_NB,SEX_T,OC2_ISCO08_91,2024,8448.871,,NB,PS,3,LFS - Periodic Labour Force Survey,Repository: ILO-STATISTICS - Micro data processing,,,1,,
ILO:DF_EMP_TEMP_SEX_OC2_NB(1.0),IND,A,EMP_TEMP_NB,SEX_T,OC2_ISCO08_92,2024,33393.277,,NB,PS,3,LFS - Periodic Labour Force Survey,Repository: ILO-STATISTICS - Micro data processing,,,1,,
ILO:DF_EMP_TEMP_SEX_OC2_NB(1.0),IND,A,EMP_TEMP_NB,SEX_T,OC2_ISCO08_93,2024,55657.752,,NB,PS,3,LFS - Periodic Labour Force Survey,Repository: ILO-STATISTICS - Micro data processing,,,1,,
ILO:DF_EMP_TEMP_SEX_OC2_NB(1.0),IND,A,EMP_TEMP_NB,SEX_T,OC2_ISCO08_94,2024,704.682,,NB,PS,3,LFS - Periodic Labour Force Survey,Repository: ILO-STATISTICS - Micro data processing,,,1,,
ILO:DF_EMP_TEMP_SEX_OC2_NB(1.0),IND,A,EMP_TEMP_NB,SEX_T,OC2_ISCO08_95,2024,1310.673,,NB,PS,3,LFS - Periodic Labour Force Survey,Repository: ILO-STATISTICS - Micro data processing,,,1,,
ILO:DF_EMP_TEMP_SEX_OC2_NB(1.0),IND,A,EMP_TEMP_NB,SEX_T,OC2_ISCO08_96,2024,2640.98,,NB,PS,3,LFS - Periodic Labour Force Survey,Repository: ILO-STATISTICS - Micro data processing,,,1,,
ILO:DF_EMP_TEMP_SEX_OC2_NB(1.0),IND,A,EMP_TEMP_NB,SEX_M,OC2_ISCO08_TOTAL,2024,332877.239,,NB,PS,3,LFS - Periodic Labour Force Survey,Repository: ILO-STATISTICS - Micro data processing,,,1,,
ILO:DF_EMP_TEMP_SEX_OC2_NB(1.0),IND,A,EMP_TEMP_NB,SEX_M,OC2_ISCO08_11,2024,9131.905,,NB,PS,3,LFS - Periodic Labour Force Survey,Repository: ILO-STATISTICS - Micro data processing,,,1,,
ILO:DF_EMP_TEMP_SEX_OC2_NB(1.0),IND,A,EMP_TEMP_NB,SEX_M,OC2_ISCO08_12,2024,3107.354,,NB,PS,3,LFS - Periodic Labour Force Survey,Repository: ILO-STATISTICS - Micro data processing,,,1,,
ILO:DF_EMP_TEMP_SEX_OC2_NB(1.0),IND,A,EMP_TEMP_NB,SEX_M,OC2_ISCO08_13,2024,1588.403,,NB,PS,3,LFS - Periodic Labour Force Survey,Repository: ILO-STATISTICS - Micro data processing,,,1,,
ILO:DF_EMP_TEMP_SEX_OC2_NB(1.0),IND,A,EMP_TEMP_NB,SEX_M,OC2_ISCO08_14,2024,1244.251,,NB,PS,3,LFS - Periodic Labour Force Survey,Repository: ILO-STATISTICS - Micro data processing,,,1,,
ILO:DF_EMP_TEMP_SEX_OC2_NB(1.0),IND,A,EMP_TEMP_NB,SEX_M,OC2_ISCO08_21,2024,2002.36,,NB,PS,3,LFS - Periodic Labour Force Survey,Repository: ILO-STATISTICS - Micro data processing,,,1,,
ILO:DF_EMP_TEMP_SEX_OC2_NB(1.0),IND,A,EMP_TEMP_NB,SEX_M,OC2_ISCO08_22,2024,1317.723,,NB,PS,3,LFS - Periodic Labour Force Survey,Repository: ILO-STATISTICS - Micro data processing,,,1,,
ILO:DF_EMP_TEMP_SEX_OC2_NB(1.0),IND,A,EMP_TEMP_NB,SEX_M,OC2_ISCO08_23,2024,6012.232,,NB,PS,3,LFS - Periodic Labour Force Survey,Repository: ILO-STATISTICS - Micro data processing,,,1,,
ILO:DF_EMP_TEMP_SEX_OC2_NB(1.0),IND,A,EMP_TEMP_NB,SEX_M,OC2_ISCO08_24,2024,3063.822,,NB,PS,3,LFS - Periodic Labour Force Survey,Repository: ILO-STATISTICS - Micro data processing,,,1,,
ILO:DF_EMP_TEMP_SEX_OC2_NB(1.0),IND,A,EMP_TEMP_NB,SEX_M,OC2_ISCO08_25,2024,2862.398,,NB,PS,3,LFS - Periodic Labour Force Survey,Repository: ILO-STATISTICS - Micro data processing,,,1,,
ILO:DF_EMP_TEMP_SEX_OC2_NB(1.0),IND,A,EMP_TEMP_NB,SEX_M,OC2_ISCO08_26,2024,2775.755,,NB,PS,3,LFS - Periodic Labour Force Survey,Repository: ILO-STATISTICS - Micro data processing,,,1,,
ILO:DF_EMP_TEMP_SEX_OC2_NB(1.0),IND,A,EMP_TEMP_NB,SEX_M,OC2_ISCO08_31,2024,3361.459,,NB,PS,3,LFS - Periodic Labour Force Survey,Repository: ILO-STATISTICS - Micro data processing,,,1,,
ILO:DF_EMP_TEMP_SEX_OC2_NB(1.0),IND,A,EMP_TEMP_NB,SEX_M,OC2_ISCO08_32,2024,916.785,,NB,PS,3,LFS - Periodic Labour Force Survey,Repository: ILO-STATISTICS - Micro data processing,,,1,,
ILO:DF_EMP_TEMP_SEX_OC2_NB(1.0),IND,A,EMP_TEMP_NB,SEX_M,OC2_ISCO08_33,2024,3129.988,,NB,PS,3,LFS - Periodic Labour Force Survey,Repository: ILO-STATISTICS - Micro data processing,,,1,,
ILO:DF_EMP_TEMP_SEX_OC2_NB(1.0),IND,A,EMP_TEMP_NB,SEX_M,OC2_ISCO08_34,2024,918.302,,NB,PS,3,LFS - Periodic Labour Force Survey,Repository: ILO-STATISTICS - Micro data processing,,,1,,
ILO:DF_EMP_TEMP_SEX_OC2_NB(1.0),IND,A,EMP_TEMP_NB,SEX_M,OC2_ISCO08_35,2024,416.473,,NB,PS,3,LFS - Periodic Labour Force Survey,Repository: ILO-STATISTICS - Micro data processing,,,1,,
ILO:DF_EMP_TEMP_SEX_OC2_NB(1.0),IND,A,EMP_TEMP_NB,SEX_M,OC2_ISCO08_41,2024,4373.277,,NB,PS,3,LFS - Periodic Labour Force Survey,Repository: ILO-STATISTICS - Micro data processing,,,1,,
ILO:DF_EMP_TEMP_SEX_OC2_NB(1.0),IND,A,EMP_TEMP_NB,SEX_M,OC2_ISCO08_42,2024,1004.846,,NB,PS,3,LFS - Periodic Labour Force Survey,Repository: ILO-STATISTICS - Micro data processing,,,1,,
ILO:DF_EMP_TEMP_SEX_OC2_NB(1.0),IND,A,EMP_TEMP_NB,SEX_M,OC2_ISCO08_43,2024,1344.065,,NB,PS,3,LFS - Periodic Labour Force Survey,Repository: ILO-STATISTICS - Micro data processing,,,1,,
ILO:DF_EMP_TEMP_SEX_OC2_NB(1.0),IND,A,EMP_TEMP_NB,SEX_M,OC2_ISCO08_44,2024,1726.316,,NB,PS,3,LFS - Periodic Labour Force Survey,Repository: ILO-STATISTICS - Micro data processing,,,1,,
ILO:DF_EMP_TEMP_SEX_OC2_NB(1.0),IND,A,EMP_TEMP_NB,SEX_M,OC2_ISCO08_51,2024,6929.611,,NB,PS,3,LFS - Periodic Labour Force Survey,Repository: ILO-STATISTICS - Micro data processing,,,1,,
ILO:DF_EMP_TEMP_SEX_OC2_NB(1.0),IND,A,EMP_TEMP_NB,SEX_M,OC2_ISCO08_52,2024,35389.997,,NB,PS,3,LFS - Periodic Labour Force Survey,Repository: ILO-STATISTICS - Micro data processing,,,1,,
ILO:DF_EMP_TEMP_SEX_OC2_NB(1.0),IND,A,EMP_TEMP_NB,SEX_M,OC2_ISCO08_53,2024,175.804,,NB,PS,3,LFS - Periodic Labour Force Survey,Repository: ILO-STATISTICS - Micro data processing,,,1,,
ILO:DF_EMP_TEMP_SEX_OC2_NB(1.0),IND,A,EMP_TEMP_NB,SEX_M,OC2_ISCO08_54,2024,4879.142,,NB,PS,3,LFS - Periodic Labour Force Survey,Repository: ILO-STATISTICS - Micro data processing,,,1,,
ILO:DF_EMP_TEMP_SEX_OC2_NB(1.0),IND,A,EMP_TEMP_NB,SEX_M,OC2_ISCO08_61,2024,89948.913,,NB,PS,3,LFS - Periodic Labour Force Survey,Repository: ILO-STATISTICS - Micro data processing,,,1,,
ILO:DF_EMP_TEMP_SEX_OC2_NB(1.0),IND,A,EMP_TEMP_NB,SEX_M,OC2_ISCO08_62,2024,1532.73,,NB,PS,3,LFS - Periodic Labour Force Survey,Repository: ILO-STATISTICS - Micro data processing,,,1,,
ILO:DF_EMP_TEMP_SEX_OC2_NB(1.0),IND,A,EMP_TEMP_NB,SEX_M,OC2_ISCO08_63,2024,5198.015,,NB,PS,3,LFS - Periodic Labour Force Survey,Repository: ILO-STATISTICS - Micro data processing,,,1,,
ILO:DF_EMP_TEMP_SEX_OC2_NB(1.0),IND,A,EMP_TEMP_NB,SEX_M,OC2_ISCO08_71,2024,15993.731,,NB,PS,3,LFS - Periodic Labour Force Survey,Repository: ILO-STATISTICS - Micro data processing,,,1,,
ILO:DF_EMP_TEMP_SEX_OC2_NB(1.0),IND,A,EMP_TEMP_NB,SEX_M,OC2_ISCO08_72,2024,8111.818,,NB,PS,3,LFS - Periodic Labour Force Survey,Repository: ILO-STATISTICS - Micro data processing,,,1,,
ILO:DF_EMP_TEMP_SEX_OC2_NB(1.0),IND,A,EMP_TEMP_NB,SEX_M,OC2_ISCO08_73,2024,3771.551,,NB,PS,3,LFS - Periodic Labour Force Survey,Repository: ILO-STATISTICS - Micro data processing,,,1,,
ILO:DF_EMP_TEMP_SEX_OC2_NB(1.0),IND,A,EMP_TEMP_NB,SEX_M,OC2_ISCO08_74,2024,4653.977,,NB,PS,3,LFS - Periodic Labour Force Survey,Repository: ILO-STATISTICS - Micro data processing,,,1,,
ILO:DF_EMP_TEMP_SEX_OC2_NB(1.0),IND,A,EMP_TEMP_NB,SEX_M,OC2_ISCO08_75,2024,7819.01,,NB,PS,3,LFS - Periodic Labour Force Survey,Repository: ILO-STATISTICS - Micro data processing,,,1,,
ILO:DF_EMP_TEMP_SEX_OC2_NB(1.0),IND,A,EMP_TEMP_NB,SEX_M,OC2_ISCO08_81,2024,5420.036,,NB,PS,3,LFS - Periodic Labour Force Survey,Repository: ILO-STATISTICS - Micro data processing,,,1,,
ILO:DF_EMP_TEMP_SEX_OC2_NB(1.0),IND,A,EMP_TEMP_NB,SEX_M,OC2_ISCO08_82,2024,328.815,,NB,PS,3,LFS - Periodic Labour Force Survey,Repository: ILO-STATISTICS - Micro data processing,,,1,,
ILO:DF_EMP_TEMP_SEX_OC2_NB(1.0),IND,A,EMP_TEMP_NB,SEX_M,OC2_ISCO08_83,2024,21634.115,,NB,PS,3,LFS - Periodic Labour Force Survey,Repository: ILO-STATISTICS - Micro data processing,,,1,,
ILO:DF_EMP_TEMP_SEX_OC2_NB(1.0),IND,A,EMP_TEMP_NB,SEX_M,OC2_ISCO08_91,2024,2582.758,,NB,PS,3,LFS - Periodic Labour Force Survey,Repository: ILO-STATISTICS - Micro data processing,,,1,,
ILO:DF_EMP_TEMP_SEX_OC2_NB(1.0),IND,A,EMP_TEMP_NB,SEX_M,OC2_ISCO08_92,2024,16979.764,,NB,PS,3,LFS - Periodic Labour Force Survey,Repository: ILO-STATISTICS - Micro data processing,,,1,,
ILO:DF_EMP_TEMP_SEX_OC2_NB(1.0),IND,A,EMP_TEMP_NB,SEX_M,OC2_ISCO08_93,2024,47926.142,,NB,PS,3,LFS - Periodic Labour Force Survey,Repository: ILO-STATISTICS - Micro data processing,,,1,,
ILO:DF_EMP_TEMP_SEX_OC2_NB(1.0),IND,A,EMP_TEMP_NB,SEX_M,OC2_ISCO08_94,2024,375.75,,NB,PS,3,LFS - Periodic Labour Force Survey,Repository: ILO-STATISTICS - Micro data processing,,,1,,
ILO:DF_EMP_TEMP_SEX_OC2_NB(1.0),IND,A,EMP_TEMP_NB,SEX_M,OC2_ISCO08_95,2024,1106.027,,NB,PS,3,LFS - Periodic Labour Force Survey,Repository: ILO-STATISTICS - Micro data processing,,,1,,
ILO:DF_EMP_TEMP_SEX_OC2_NB(1.0),IND,A,EMP_TEMP_NB,SEX_M,OC2_ISCO08_96,2024,1821.821,,NB,PS,3,LFS - Periodic Labour Force Survey,Repository: ILO-STATISTICS - Micro data processing,,,1,,
ILO:DF_EMP_TEMP_SEX_OC2_NB(1.0),IND,A,EMP_TEMP_NB,SEX_F,OC2_ISCO08_TOTAL,2024,149915.309,,NB,PS,3,LFS - Periodic Labour Force Survey,Repository: ILO-STATISTICS - Micro data processing,,,1,,
ILO:DF_EMP_TEMP_SEX_OC2_NB(1.0),IND,A,EMP_TEMP_NB,SEX_F,OC2_ISCO08_11,2024,1210.852,,NB,PS,3,LFS - Periodic Labour Force Survey,Repository: ILO-STATISTICS - Micro data processing,,,1,,
ILO:DF_EMP_TEMP_SEX_OC2_NB(1.0),IND,A,EMP_TEMP_NB,SEX_F,OC2_ISCO08_12,2024,387.755,,NB,PS,3,LFS - Periodic Labour Force Survey,Repository: ILO-STATISTICS - Micro data processing,,,1,,
ILO:DF_EMP_TEMP_SEX_OC2_NB(1.0),IND,A,EMP_TEMP_NB,SEX_F,OC2_ISCO08_13,2024,266.402,,NB,PS,3,LFS - Periodic Labour Force Survey,Repository: ILO-STATISTICS - Micro data processing,,,1,,
ILO:DF_EMP_TEMP_SEX_OC2_NB(1.0),IND,A,EMP_TEMP_NB,SEX_F,OC2_ISCO08_14,2024,125.066,,NB,PS,3,LFS - Periodic Labour Force Survey,Repository: ILO-STATISTICS - Micro data processing,,,1,,
ILO:DF_EMP_TEMP_SEX_OC2_NB(1.0),IND,A,EMP_TEMP_NB,SEX_F,OC2_ISCO08_21,2024,212.93,,NB,PS,3,LFS - Periodic Labour Force Survey,Repository: ILO-STATISTICS - Micro data processing,,,1,,
ILO:DF_EMP_TEMP_SEX_OC2_NB(1.0),IND,A,EMP_TEMP_NB,SEX_F,OC2_ISCO08_22,2024,901.691,,NB,PS,3,LFS - Periodic Labour Force Survey,Repository: ILO-STATISTICS - Micro data processing,,,1,,
ILO:DF_EMP_TEMP_SEX_OC2_NB(1.0),IND,A,EMP_TEMP_NB,SEX_F,OC2_ISCO08_23,2024,5962.559,,NB,PS,3,LFS - Periodic Labour Force Survey,Repository: ILO-STATISTICS - Micro data processing,,,1,,
ILO:DF_EMP_TEMP_SEX_OC2_NB(1.0),IND,A,EMP_TEMP_NB,SEX_F,OC2_ISCO08_24,2024,756.721,,NB,PS,3,LFS - Periodic Labour Force Survey,Repository: ILO-STATISTICS - Micro data processing,,,1,,
ILO:DF_EMP_TEMP_SEX_OC2_NB(1.0),IND,A,EMP_TEMP_NB,SEX_F,OC2_ISCO08_25,2024,1077.82,,NB,PS,3,LFS - Periodic Labour Force Survey,Repository: ILO-STATISTICS - Micro data processing,,,1,,
ILO:DF_EMP_TEMP_SEX_OC2_NB(1.0),IND,A,EMP_TEMP_NB,SEX_F,OC2_ISCO08_26,2024,400.993,,NB,PS,3,LFS - Periodic Labour Force Survey,Repository: ILO-STATISTICS - Micro data processing,,,1,,
ILO:DF_EMP_TEMP_SEX_OC2_NB(1.0),IND,A,EMP_TEMP_NB,SEX_F,OC2_ISCO08_31,2024,176.358,,NB,PS,3,LFS - Periodic Labour Force Survey,Repository: ILO-STATISTICS - Micro data processing,,,1,,
ILO:DF_EMP_TEMP_SEX_OC2_NB(1.0),IND,A,EMP_TEMP_NB,SEX_F,OC2_ISCO08_32,2024,1955.585,,NB,PS,3,LFS - Periodic Labour Force Survey,Repository: ILO-STATISTICS - Micro data processing,,,1,,
ILO:DF_EMP_TEMP_SEX_OC2_NB(1.0),IND,A,EMP_TEMP_NB,SEX_F,OC2_ISCO08_33,2024,562.208,,NB,PS,3,LFS - Periodic Labour Force Survey,Repository: ILO-STATISTICS - Micro data processing,,,1,,
ILO:DF_EMP_TEMP_SEX_OC2_NB(1.0),IND,A,EMP_TEMP_NB,SEX_F,OC2_ISCO08_34,2024,146.366,,NB,PS,3,LFS - Periodic Labour Force Survey,Repository: ILO-STATISTICS - Micro data processing,,,1,,
ILO:DF_EMP_TEMP_SEX_OC2_NB(1.0),IND,A,EMP_TEMP_NB,SEX_F,OC2_ISCO08_35,2024,93.034,,NB,PS,3,LFS - Periodic Labour Force Survey,Repository: ILO-STATISTICS - Micro data processing,,,1,,
ILO:DF_EMP_TEMP_SEX_OC2_NB(1.0),IND,A,EMP_TEMP_NB,SEX_F,OC2_ISCO08_41,2024,1278.784,,NB,PS,3,LFS - Periodic Labour Force Survey,Repository: ILO-STATISTICS - Micro data processing,,,1,,
ILO:DF_EMP_TEMP_SEX_OC2_NB(1.0),IND,A,EMP_TEMP_NB,SEX_F,OC2_ISCO08_42,2024,536.435,,NB,PS,3,LFS - Periodic Labour Force Survey,Repository: ILO-STATISTICS - Micro data processing,,,1,,
ILO:DF_EMP_TEMP_SEX_OC2_NB(1.0),IND,A,EMP_TEMP_NB,SEX_F,OC2_ISCO08_43,2024,301.726,,NB,PS,3,LFS - Periodic Labour Force Survey,Repository: ILO-STATISTICS - Micro data processing,,,1,,
ILO:DF_EMP_TEMP_SEX_OC2_NB(1.0),IND,A,EMP_TEMP_NB,SEX_F,OC2_ISCO08_44,2024,429.111,,NB,PS,3,LFS - Periodic Labour Force Survey,Repository: ILO-STATISTICS - Micro data processing,,,1,,
ILO:DF_EMP_TEMP_SEX_OC2_NB(1.0),IND,A,EMP_TEMP_NB,SEX_F,OC2_ISCO08_51,2024,4103.675,,NB,PS,3,LFS - Periodic Labour Force Survey,Repository: ILO-STATISTICS - Micro data processing,,,1,,
ILO:DF_EMP_TEMP_SEX_OC2_NB(1.0),IND,A,EMP_TEMP_NB,SEX_F,OC2_ISCO08_52,2024,7791.255,,NB,PS,3,LFS - Periodic Labour Force Survey,Repository: ILO-STATISTICS - Micro data processing,,,1,,
ILO:DF_EMP_TEMP_SEX_OC2_NB(1.0),IND,A,EMP_TEMP_NB,SEX_F,OC2_ISCO08_53,2024,825.041,,NB,PS,3,LFS - Periodic Labour Force Survey,Repository: ILO-STATISTICS - Micro data processing,,,1,,
ILO:DF_EMP_TEMP_SEX_OC2_NB(1.0),IND,A,EMP_TEMP_NB,SEX_F,OC2_ISCO08_54,2024,301.183,,NB,PS,3,LFS - Periodic Labour Force Survey,Repository: ILO-STATISTICS - Micro data processing,,,1,,
ILO:DF_EMP_TEMP_SEX_OC2_NB(1.0),IND,A,EMP_TEMP_NB,SEX_F,OC2_ISCO08_61,2024,63422.415,,NB,PS,3,LFS - Periodic Labour Force Survey,Repository: ILO-STATISTICS - Micro data processing,,,1,,
ILO:DF_EMP_TEMP_SEX_OC2_NB(1.0),IND,A,EMP_TEMP_NB,SEX_F,OC2_ISCO08_62,2024,764.249,,NB,PS,3,LFS - Periodic Labour Force Survey,Repository: ILO-STATISTICS - Micro data processing,,,1,,
ILO:DF_EMP_TEMP_SEX_OC2_NB(1.0),IND,A,EMP_TEMP_NB,SEX_F,OC2_ISCO08_63,2024,9221.43,,NB,PS,3,LFS - Periodic Labour Force Survey,Repository: ILO-STATISTICS - Micro data processing,,,1,,
ILO:DF_EMP_TEMP_SEX_OC2_NB(1.0),IND,A,EMP_TEMP_NB,SEX_F,OC2_ISCO08_71,2024,146.92,,NB,PS,3,LFS - Periodic Labour Force Survey,Repository: ILO-STATISTICS - Micro data processing,,,1,,
ILO:DF_EMP_TEMP_SEX_OC2_NB(1.0),IND,A,EMP_TEMP_NB,SEX_F,OC2_ISCO08_72,2024,81.28,,NB,PS,3,LFS - Periodic Labour Force Survey,Repository: ILO-STATISTICS - Micro data processing,,,1,,
ILO:DF_EMP_TEMP_SEX_OC2_NB(1.0),IND,A,EMP_TEMP_NB,SEX_F,OC2_ISCO08_73,2024,2520.63,,NB,PS,3,LFS - Periodic Labour Force Survey,Repository: ILO-STATISTICS - Micro data processing,,,1,,
ILO:DF_EMP_TEMP_SEX_OC2_NB(1.0),IND,A,EMP_TEMP_NB,SEX_F,OC2_ISCO08_74,2024,24.118,U,NB,PS,3,LFS - Periodic Labour Force Survey,Repository: ILO-STATISTICS - Micro data processing,,,1,,
ILO:DF_EMP_TEMP_SEX_OC2_NB(1.0),IND,A,EMP_TEMP_NB,SEX_F,OC2_ISCO08_75,2024,11495.256,,NB,PS,3,LFS - Periodic Labour Force Survey,Repository: ILO-STATISTICS - Micro data processing,,,1,,
ILO:DF_EMP_TEMP_SEX_OC2_NB(1.0),IND,A,EMP_TEMP_NB,SEX_F,OC2_ISCO08_81,2024,975.706,,NB,PS,3,LFS - Periodic Labour Force Survey,Repository: ILO-STATISTICS - Micro data processing,,,1,,
ILO:DF_EMP_TEMP_SEX_OC2_NB(1.0),IND,A,EMP_TEMP_NB,SEX_F,OC2_ISCO08_82,2024,39.041,,NB,PS,3,LFS - Periodic Labour Force Survey,Repository: ILO-STATISTICS - Micro data processing,,,1,,
ILO:DF_EMP_TEMP_SEX_OC2_NB(1.0),IND,A,EMP_TEMP_NB,SEX_F,OC2_ISCO08_83,2024,56.742,,NB,PS,3,LFS - Periodic Labour Force Survey,Repository: ILO-STATISTICS - Micro data processing,,,1,,
ILO:DF_EMP_TEMP_SEX_OC2_NB(1.0),IND,A,EMP_TEMP_NB,SEX_F,OC2_ISCO08_91,2024,5866.114,,NB,PS,3,LFS - Periodic Labour Force Survey,Repository: ILO-STATISTICS - Micro data processing,,,1,,
ILO:DF_EMP_TEMP_SEX_OC2_NB(1.0),IND,A,EMP_TEMP_NB,SEX_F,OC2_ISCO08_92,2024,16413.513,,NB,PS,3,LFS - Periodic Labour Force Survey,Repository: ILO-STATISTICS - Micro data processing,,,1,,
ILO:DF_EMP_TEMP_SEX_OC2_NB(1.0),IND,A,EMP_TEMP_NB,SEX_F,OC2_ISCO08_93,2024,7731.61,,NB,PS,3,LFS - Periodic Labour Force Survey,Repository: ILO-STATISTICS - Micro data processing,,,1,,
ILO:DF_EMP_TEMP_SEX_OC2_NB(1.0),IND,A,EMP_TEMP_NB,SEX_F,OC2_ISCO08_94,2024,328.931,,NB,PS,3,LFS - Periodic Labour Force Survey,Repository: ILO-STATISTICS - Micro data processing,,,1,,
ILO:DF_EMP_TEMP_SEX_OC2_NB(1.0),IND,A,EMP_TEMP_NB,SEX_F,OC2_ISCO08_95,2024,204.645,,NB,PS,3,LFS - Periodic Labour Force Survey,Repository: ILO-STATISTICS - Micro data processing,,,1,,
ILO:DF_EMP_TEMP_SEX_OC2_NB(1.0),IND,A,EMP_TEMP_NB,SEX_F,OC2_ISCO08_96,2024,819.158,,NB,PS,3,LFS - Periodic Labour Force Survey,Repository: ILO-STATISTICS - Micro data processing,,,1,,
ILO:DF_EMP_TEMP_SEX_OC2_NB(1.0),IND,A,EMP_TEMP_NB,SEX_T,OC2_ISCO08_TOTAL,2025,476557.086,,NB,PS,3,LFS - Periodic Labour Force Survey,Repository: ILO-STATISTICS - Micro data processing,,,1,,
ILO:DF_EMP_TEMP_SEX_OC2_NB(1.0),IND,A,EMP_TEMP_NB,SEX_T,OC2_ISCO08_11,2025,6389.087,,NB,PS,3,LFS - Periodic Labour Force Survey,Repository: ILO-STATISTICS - Micro data processing,,,1,,
ILO:DF_EMP_TEMP_SEX_OC2_NB(1.0),IND,A,EMP_TEMP_NB,SEX_T,OC2_ISCO08_12,2025,2858.294,,NB,PS,3,LFS - Periodic Labour Force Survey,Repository: ILO-STATISTICS - Micro data processing,,,1,,
ILO:DF_EMP_TEMP_SEX_OC2_NB(1.0),IND,A,EMP_TEMP_NB,SEX_T,OC2_ISCO08_13,2025,2005.63,,NB,PS,3,LFS - Periodic Labour Force Survey,Repository: ILO-STATISTICS - Micro data processing,,,1,,
ILO:DF_EMP_TEMP_SEX_OC2_NB(1.0),IND,A,EMP_TEMP_NB,SEX_T,OC2_ISCO08_14,2025,2120.879,,NB,PS,3,LFS - Periodic Labour Force Survey,Repository: ILO-STATISTICS - Micro data processing,,,1,,
ILO:DF_EMP_TEMP_SEX_OC2_NB(1.0),IND,A,EMP_TEMP_NB,SEX_T,OC2_ISCO08_21,2025,2351.91,,NB,PS,3,LFS - Periodic Labour Force Survey,Repository: ILO-STATISTICS - Micro data processing,,,1,,
ILO:DF_EMP_TEMP_SEX_OC2_NB(1.0),IND,A,EMP_TEMP_NB,SEX_T,OC2_ISCO08_22,2025,2721.48,,NB,PS,3,LFS - Periodic Labour Force Survey,Repository: ILO-STATISTICS - Micro data processing,,,1,,
ILO:DF_EMP_TEMP_SEX_OC2_NB(1.0),IND,A,EMP_TEMP_NB,SEX_T,OC2_ISCO08_23,2025,11858.687,,NB,PS,3,LFS - Periodic Labour Force Survey,Repository: ILO-STATISTICS - Micro data processing,,,1,,
ILO:DF_EMP_TEMP_SEX_OC2_NB(1.0),IND,A,EMP_TEMP_NB,SEX_T,OC2_ISCO08_24,2025,4041.782,,NB,PS,3,LFS - Periodic Labour Force Survey,Repository: ILO-STATISTICS - Micro data processing,,,1,,
ILO:DF_EMP_TEMP_SEX_OC2_NB(1.0),IND,A,EMP_TEMP_NB,SEX_T,OC2_ISCO08_25,2025,3587.202,,NB,PS,3,LFS - Periodic Labour Force Survey,Repository: ILO-STATISTICS - Micro data processing,,,1,,
ILO:DF_EMP_TEMP_SEX_OC2_NB(1.0),IND,A,EMP_TEMP_NB,SEX_T,OC2_ISCO08_26,2025,3313.384,,NB,PS,3,LFS - Periodic Labour Force Survey,Repository: ILO-STATISTICS - Micro data processing,,,1,,
ILO:DF_EMP_TEMP_SEX_OC2_NB(1.0),IND,A,EMP_TEMP_NB,SEX_T,OC2_ISCO08_31,2025,3019.137,,NB,PS,3,LFS - Periodic Labour Force Survey,Repository: ILO-STATISTICS - Micro data processing,,,1,,
ILO:DF_EMP_TEMP_SEX_OC2_NB(1.0),IND,A,EMP_TEMP_NB,SEX_T,OC2_ISCO08_32,2025,3282.83,,NB,PS,3,LFS - Periodic Labour Force Survey,Repository: ILO-STATISTICS - Micro data processing,,,1,,
ILO:DF_EMP_TEMP_SEX_OC2_NB(1.0),IND,A,EMP_TEMP_NB,SEX_T,OC2_ISCO08_33,2025,4239.967,,NB,PS,3,LFS - Periodic Labour Force Survey,Repository: ILO-STATISTICS - Micro data processing,,,1,,
ILO:DF_EMP_TEMP_SEX_OC2_NB(1.0),IND,A,EMP_TEMP_NB,SEX_T,OC2_ISCO08_34,2025,1366.394,,NB,PS,3,LFS - Periodic Labour Force Survey,Repository: ILO-STATISTICS - Micro data processing,,,1,,
ILO:DF_EMP_TEMP_SEX_OC2_NB(1.0),IND,A,EMP_TEMP_NB,SEX_T,OC2_ISCO08_35,2025,739.483,,NB,PS,3,LFS - Periodic Labour Force Survey,Repository: ILO-STATISTICS - Micro data processing,,,1,,
ILO:DF_EMP_TEMP_SEX_OC2_NB(1.0),IND,A,EMP_TEMP_NB,SEX_T,OC2_ISCO08_41,2025,5728.003,,NB,PS,3,LFS - Periodic Labour Force Survey,Repository: ILO-STATISTICS - Micro data processing,,,1,,
ILO:DF_EMP_TEMP_SEX_OC2_NB(1.0),IND,A,EMP_TEMP_NB,SEX_T,OC2_ISCO08_42,2025,1818.579,,NB,PS,3,LFS - Periodic Labour Force Survey,Repository: ILO-STATISTICS - Micro data processing,,,1,,
ILO:DF_EMP_TEMP_SEX_OC2_NB(1.0),IND,A,EMP_TEMP_NB,SEX_T,OC2_ISCO08_43,2025,1621.428,,NB,PS,3,LFS - Periodic Labour Force Survey,Repository: ILO-STATISTICS - Micro data processing,,,1,,
ILO:DF_EMP_TEMP_SEX_OC2_NB(1.0),IND,A,EMP_TEMP_NB,SEX_T,OC2_ISCO08_44,2025,1882.166,,NB,PS,3,LFS - Periodic Labour Force Survey,Repository: ILO-STATISTICS - Micro data processing,,,1,,
ILO:DF_EMP_TEMP_SEX_OC2_NB(1.0),IND,A,EMP_TEMP_NB,SEX_T,OC2_ISCO08_51,2025,11811.062,,NB,PS,3,LFS - Periodic Labour Force Survey,Repository: ILO-STATISTICS - Micro data processing,,,1,,
ILO:DF_EMP_TEMP_SEX_OC2_NB(1.0),IND,A,EMP_TEMP_NB,SEX_T,OC2_ISCO08_52,2025,44855.553,,NB,PS,3,LFS - Periodic Labour Force Survey,Repository: ILO-STATISTICS - Micro data processing,,,1,,
ILO:DF_EMP_TEMP_SEX_OC2_NB(1.0),IND,A,EMP_TEMP_NB,SEX_T,OC2_ISCO08_53,2025,1119.659,,NB,PS,3,LFS - Periodic Labour Force Survey,Repository: ILO-STATISTICS - Micro data processing,,,1,,
ILO:DF_EMP_TEMP_SEX_OC2_NB(1.0),IND,A,EMP_TEMP_NB,SEX_T,OC2_ISCO08_54,2025,5345.574,,NB,PS,3,LFS - Periodic Labour Force Survey,Repository: ILO-STATISTICS - Micro data processing,,,1,,
ILO:DF_EMP_TEMP_SEX_OC2_NB(1.0),IND,A,EMP_TEMP_NB,SEX_T,OC2_ISCO08_61,2025,142436.469,,NB,PS,3,LFS - Periodic Labour Force Survey,Repository: ILO-STATISTICS - Micro data processing,,,1,,
ILO:DF_EMP_TEMP_SEX_OC2_NB(1.0),IND,A,EMP_TEMP_NB,SEX_T,OC2_ISCO08_62,2025,2378.572,,NB,PS,3,LFS - Periodic Labour Force Survey,Repository: ILO-STATISTICS - Micro data processing,,,1,,
ILO:DF_EMP_TEMP_SEX_OC2_NB(1.0),IND,A,EMP_TEMP_NB,SEX_T,OC2_ISCO08_63,2025,17072.279,,NB,PS,3,LFS - Periodic Labour Force Survey,Repository: ILO-STATISTICS - Micro data processing,,,1,,
ILO:DF_EMP_TEMP_SEX_OC2_NB(1.0),IND,A,EMP_TEMP_NB,SEX_T,OC2_ISCO08_71,2025,15908.012,,NB,PS,3,LFS - Periodic Labour Force Survey,Repository: ILO-STATISTICS - Micro data processing,,,1,,
ILO:DF_EMP_TEMP_SEX_OC2_NB(1.0),IND,A,EMP_TEMP_NB,SEX_T,OC2_ISCO08_72,2025,8708.411,,NB,PS,3,LFS - Periodic Labour Force Survey,Repository: ILO-STATISTICS - Micro data processing,,,1,,
ILO:DF_EMP_TEMP_SEX_OC2_NB(1.0),IND,A,EMP_TEMP_NB,SEX_T,OC2_ISCO08_73,2025,6276.771,,NB,PS,3,LFS - Periodic Labour Force Survey,Repository: ILO-STATISTICS - Micro data processing,,,1,,
ILO:DF_EMP_TEMP_SEX_OC2_NB(1.0),IND,A,EMP_TEMP_NB,SEX_T,OC2_ISCO08_74,2025,5178.629,,NB,PS,3,LFS - Periodic Labour Force Survey,Repository: ILO-STATISTICS - Micro data processing,,,1,,
ILO:DF_EMP_TEMP_SEX_OC2_NB(1.0),IND,A,EMP_TEMP_NB,SEX_T,OC2_ISCO08_75,2025,18594.307,,NB,PS,3,LFS - Periodic Labour Force Survey,Repository: ILO-STATISTICS - Micro data processing,,,1,,
ILO:DF_EMP_TEMP_SEX_OC2_NB(1.0),IND,A,EMP_TEMP_NB,SEX_T,OC2_ISCO08_81,2025,7021.095,,NB,PS,3,LFS - Periodic Labour Force Survey,Repository: ILO-STATISTICS - Micro data processing,,,1,,
ILO:DF_EMP_TEMP_SEX_OC2_NB(1.0),IND,A,EMP_TEMP_NB,SEX_T,OC2_ISCO08_82,2025,481.492,,NB,PS,3,LFS - Periodic Labour Force Survey,Repository: ILO-STATISTICS - Micro data processing,,,1,,
ILO:DF_EMP_TEMP_SEX_OC2_NB(1.0),IND,A,EMP_TEMP_NB,SEX_T,OC2_ISCO08_83,2025,21387.59,,NB,PS,3,LFS - Periodic Labour Force Survey,Repository: ILO-STATISTICS - Micro data processing,,,1,,
ILO:DF_EMP_TEMP_SEX_OC2_NB(1.0),IND,A,EMP_TEMP_NB,SEX_T,OC2_ISCO08_91,2025,8937.975,,NB,PS,3,LFS - Periodic Labour Force Survey,Repository: ILO-STATISTICS - Micro data processing,,,1,,
ILO:DF_EMP_TEMP_SEX_OC2_NB(1.0),IND,A,EMP_TEMP_NB,SEX_T,OC2_ISCO08_92,2025,35531.46,,NB,PS,3,LFS - Periodic Labour Force Survey,Repository: ILO-STATISTICS - Micro data processing,,,1,,
ILO:DF_EMP_TEMP_SEX_OC2_NB(1.0),IND,A,EMP_TEMP_NB,SEX_T,OC2_ISCO08_93,2025,52814.294,,NB,PS,3,LFS - Periodic Labour Force Survey,Repository: ILO-STATISTICS - Micro data processing,,,1,,
ILO:DF_EMP_TEMP_SEX_OC2_NB(1.0),IND,A,EMP_TEMP_NB,SEX_T,OC2_ISCO08_94,2025,776.293,,NB,PS,3,LFS - Periodic Labour Force Survey,Repository: ILO-STATISTICS - Micro data processing,,,1,,
ILO:DF_EMP_TEMP_SEX_OC2_NB(1.0),IND,A,EMP_TEMP_NB,SEX_T,OC2_ISCO08_95,2025,1571.974,,NB,PS,3,LFS - Periodic Labour Force Survey,Repository: ILO-STATISTICS - Micro data processing,,,1,,
ILO:DF_EMP_TEMP_SEX_OC2_NB(1.0),IND,A,EMP_TEMP_NB,SEX_T,OC2_ISCO08_96,2025,3403.295,,NB,PS,3,LFS - Periodic Labour Force Survey,Repository: ILO-STATISTICS - Micro data processing,,,1,,
ILO:DF_EMP_TEMP_SEX_OC2_NB(1.0),IND,A,EMP_TEMP_NB,SEX_M,OC2_ISCO08_TOTAL,2025,327732.877,,NB,PS,3,LFS - Periodic Labour Force Survey,Repository: ILO-STATISTICS - Micro data processing,,,1,,
ILO:DF_EMP_TEMP_SEX_OC2_NB(1.0),IND,A,EMP_TEMP_NB,SEX_M,OC2_ISCO08_11,2025,5648.597,,NB,PS,3,LFS - Periodic Labour Force Survey,Repository: ILO-STATISTICS - Micro data processing,,,1,,
ILO:DF_EMP_TEMP_SEX_OC2_NB(1.0),IND,A,EMP_TEMP_NB,SEX_M,OC2_ISCO08_12,2025,2526.421,,NB,PS,3,LFS - Periodic Labour Force Survey,Repository: ILO-STATISTICS - Micro data processing,,,1,,
ILO:DF_EMP_TEMP_SEX_OC2_NB(1.0),IND,A,EMP_TEMP_NB,SEX_M,OC2_ISCO08_13,2025,1737.044,,NB,PS,3,LFS - Periodic Labour Force Survey,Repository: ILO-STATISTICS - Micro data processing,,,1,,
ILO:DF_EMP_TEMP_SEX_OC2_NB(1.0),IND,A,EMP_TEMP_NB,SEX_M,OC2_ISCO08_14,2025,1915.995,,NB,PS,3,LFS - Periodic Labour Force Survey,Repository: ILO-STATISTICS - Micro data processing,,,1,,
ILO:DF_EMP_TEMP_SEX_OC2_NB(1.0),IND,A,EMP_TEMP_NB,SEX_M,OC2_ISCO08_21,2025,2044.906,,NB,PS,3,LFS - Periodic Labour Force Survey,Repository: ILO-STATISTICS - Micro data processing,,,1,,
ILO:DF_EMP_TEMP_SEX_OC2_NB(1.0),IND,A,EMP_TEMP_NB,SEX_M,OC2_ISCO08_22,2025,1521.142,,NB,PS,3,LFS - Periodic Labour Force Survey,Repository: ILO-STATISTICS - Micro data processing,,,1,,
ILO:DF_EMP_TEMP_SEX_OC2_NB(1.0),IND,A,EMP_TEMP_NB,SEX_M,OC2_ISCO08_23,2025,5652.352,,NB,PS,3,LFS - Periodic Labour Force Survey,Repository: ILO-STATISTICS - Micro data processing,,,1,,
ILO:DF_EMP_TEMP_SEX_OC2_NB(1.0),IND,A,EMP_TEMP_NB,SEX_M,OC2_ISCO08_24,2025,3073.507,,NB,PS,3,LFS - Periodic Labour Force Survey,Repository: ILO-STATISTICS - Micro data processing,,,1,,
ILO:DF_EMP_TEMP_SEX_OC2_NB(1.0),IND,A,EMP_TEMP_NB,SEX_M,OC2_ISCO08_25,2025,2599.565,,NB,PS,3,LFS - Periodic Labour Force Survey,Repository: ILO-STATISTICS - Micro data processing,,,1,,
ILO:DF_EMP_TEMP_SEX_OC2_NB(1.0),IND,A,EMP_TEMP_NB,SEX_M,OC2_ISCO08_26,2025,2904.512,,NB,PS,3,LFS - Periodic Labour Force Survey,Repository: ILO-STATISTICS - Micro data processing,,,1,,
ILO:DF_EMP_TEMP_SEX_OC2_NB(1.0),IND,A,EMP_TEMP_NB,SEX_M,OC2_ISCO08_31,2025,2817.999,,NB,PS,3,LFS - Periodic Labour Force Survey,Repository: ILO-STATISTICS - Micro data processing,,,1,,
ILO:DF_EMP_TEMP_SEX_OC2_NB(1.0),IND,A,EMP_TEMP_NB,SEX_M,OC2_ISCO08_32,2025,996.476,,NB,PS,3,LFS - Periodic Labour Force Survey,Repository: ILO-STATISTICS - Micro data processing,,,1,,
ILO:DF_EMP_TEMP_SEX_OC2_NB(1.0),IND,A,EMP_TEMP_NB,SEX_M,OC2_ISCO08_33,2025,3655.214,,NB,PS,3,LFS - Periodic Labour Force Survey,Repository: ILO-STATISTICS - Micro data processing,,,1,,
ILO:DF_EMP_TEMP_SEX_OC2_NB(1.0),IND,A,EMP_TEMP_NB,SEX_M,OC2_ISCO08_34,2025,1163.687,,NB,PS,3,LFS - Periodic Labour Force Survey,Repository: ILO-STATISTICS - Micro data processing,,,1,,
ILO:DF_EMP_TEMP_SEX_OC2_NB(1.0),IND,A,EMP_TEMP_NB,SEX_M,OC2_ISCO08_35,2025,601.414,,NB,PS,3,LFS - Periodic Labour Force Survey,Repository: ILO-STATISTICS - Micro data processing,,,1,,
ILO:DF_EMP_TEMP_SEX_OC2_NB(1.0),IND,A,EMP_TEMP_NB,SEX_M,OC2_ISCO08_41,2025,4356.813,,NB,PS,3,LFS - Periodic Labour Force Survey,Repository: ILO-STATISTICS - Micro data processing,,,1,,
ILO:DF_EMP_TEMP_SEX_OC2_NB(1.0),IND,A,EMP_TEMP_NB,SEX_M,OC2_ISCO08_42,2025,1270.408,,NB,PS,3,LFS - Periodic Labour Force Survey,Repository: ILO-STATISTICS - Micro data processing,,,1,,
ILO:DF_EMP_TEMP_SEX_OC2_NB(1.0),IND,A,EMP_TEMP_NB,SEX_M,OC2_ISCO08_43,2025,1323.729,,NB,PS,3,LFS - Periodic Labour Force Survey,Repository: ILO-STATISTICS - Micro data processing,,,1,,
ILO:DF_EMP_TEMP_SEX_OC2_NB(1.0),IND,A,EMP_TEMP_NB,SEX_M,OC2_ISCO08_44,2025,1527.685,,NB,PS,3,LFS - Periodic Labour Force Survey,Repository: ILO-STATISTICS - Micro data processing,,,1,,
ILO:DF_EMP_TEMP_SEX_OC2_NB(1.0),IND,A,EMP_TEMP_NB,SEX_M,OC2_ISCO08_51,2025,7396.053,,NB,PS,3,LFS - Periodic Labour Force Survey,Repository: ILO-STATISTICS - Micro data processing,,,1,,
ILO:DF_EMP_TEMP_SEX_OC2_NB(1.0),IND,A,EMP_TEMP_NB,SEX_M,OC2_ISCO08_52,2025,36177.781,,NB,PS,3,LFS - Periodic Labour Force Survey,Repository: ILO-STATISTICS - Micro data processing,,,1,,
ILO:DF_EMP_TEMP_SEX_OC2_NB(1.0),IND,A,EMP_TEMP_NB,SEX_M,OC2_ISCO08_53,2025,161.787,,NB,PS,3,LFS - Periodic Labour Force Survey,Repository: ILO-STATISTICS - Micro data processing,,,1,,
ILO:DF_EMP_TEMP_SEX_OC2_NB(1.0),IND,A,EMP_TEMP_NB,SEX_M,OC2_ISCO08_54,2025,4989.795,,NB,PS,3,LFS - Periodic Labour Force Survey,Repository: ILO-STATISTICS - Micro data processing,,,1,,
ILO:DF_EMP_TEMP_SEX_OC2_NB(1.0),IND,A,EMP_TEMP_NB,SEX_M,OC2_ISCO08_61,2025,83593.087,,NB,PS,3,LFS - Periodic Labour Force Survey,Repository: ILO-STATISTICS - Micro data processing,,,1,,
ILO:DF_EMP_TEMP_SEX_OC2_NB(1.0),IND,A,EMP_TEMP_NB,SEX_M,OC2_ISCO08_62,2025,1959.843,,NB,PS,3,LFS - Periodic Labour Force Survey,Repository: ILO-STATISTICS - Micro data processing,,,1,,
ILO:DF_EMP_TEMP_SEX_OC2_NB(1.0),IND,A,EMP_TEMP_NB,SEX_M,OC2_ISCO08_63,2025,6108.213,,NB,PS,3,LFS - Periodic Labour Force Survey,Repository: ILO-STATISTICS - Micro data processing,,,1,,
ILO:DF_EMP_TEMP_SEX_OC2_NB(1.0),IND,A,EMP_TEMP_NB,SEX_M,OC2_ISCO08_71,2025,15693.048,,NB,PS,3,LFS - Periodic Labour Force Survey,Repository: ILO-STATISTICS - Micro data processing,,,1,,
ILO:DF_EMP_TEMP_SEX_OC2_NB(1.0),IND,A,EMP_TEMP_NB,SEX_M,OC2_ISCO08_72,2025,8574.65,,NB,PS,3,LFS - Periodic Labour Force Survey,Repository: ILO-STATISTICS - Micro data processing,,,1,,
ILO:DF_EMP_TEMP_SEX_OC2_NB(1.0),IND,A,EMP_TEMP_NB,SEX_M,OC2_ISCO08_73,2025,3740.084,,NB,PS,3,LFS - Periodic Labour Force Survey,Repository: ILO-STATISTICS - Micro data processing,,,1,,
ILO:DF_EMP_TEMP_SEX_OC2_NB(1.0),IND,A,EMP_TEMP_NB,SEX_M,OC2_ISCO08_74,2025,5149.998,,NB,PS,3,LFS - Periodic Labour Force Survey,Repository: ILO-STATISTICS - Micro data processing,,,1,,
ILO:DF_EMP_TEMP_SEX_OC2_NB(1.0),IND,A,EMP_TEMP_NB,SEX_M,OC2_ISCO08_75,2025,7987.875,,NB,PS,3,LFS - Periodic Labour Force Survey,Repository: ILO-STATISTICS - Micro data processing,,,1,,
ILO:DF_EMP_TEMP_SEX_OC2_NB(1.0),IND,A,EMP_TEMP_NB,SEX_M,OC2_ISCO08_81,2025,5877.173,,NB,PS,3,LFS - Periodic Labour Force Survey,Repository: ILO-STATISTICS - Micro data processing,,,1,,
ILO:DF_EMP_TEMP_SEX_OC2_NB(1.0),IND,A,EMP_TEMP_NB,SEX_M,OC2_ISCO08_82,2025,425.533,,NB,PS,3,LFS - Periodic Labour Force Survey,Repository: ILO-STATISTICS - Micro data processing,,,1,,
ILO:DF_EMP_TEMP_SEX_OC2_NB(1.0),IND,A,EMP_TEMP_NB,SEX_M,OC2_ISCO08_83,2025,21341.219,,NB,PS,3,LFS - Periodic Labour Force Survey,Repository: ILO-STATISTICS - Micro data processing,,,1,,
ILO:DF_EMP_TEMP_SEX_OC2_NB(1.0),IND,A,EMP_TEMP_NB,SEX_M,OC2_ISCO08_91,2025,2890.139,,NB,PS,3,LFS - Periodic Labour Force Survey,Repository: ILO-STATISTICS - Micro data processing,,,1,,
ILO:DF_EMP_TEMP_SEX_OC2_NB(1.0),IND,A,EMP_TEMP_NB,SEX_M,OC2_ISCO08_92,2025,18185.363,,NB,PS,3,LFS - Periodic Labour Force Survey,Repository: ILO-STATISTICS - Micro data processing,,,1,,
ILO:DF_EMP_TEMP_SEX_OC2_NB(1.0),IND,A,EMP_TEMP_NB,SEX_M,OC2_ISCO08_93,2025,45917.697,,NB,PS,3,LFS - Periodic Labour Force Survey,Repository: ILO-STATISTICS - Micro data processing,,,1,,
ILO:DF_EMP_TEMP_SEX_OC2_NB(1.0),IND,A,EMP_TEMP_NB,SEX_M,OC2_ISCO08_94,2025,462.611,,NB,PS,3,LFS - Periodic Labour Force Survey,Repository: ILO-STATISTICS - Micro data processing,,,1,,
ILO:DF_EMP_TEMP_SEX_OC2_NB(1.0),IND,A,EMP_TEMP_NB,SEX_M,OC2_ISCO08_95,2025,1357.857,,NB,PS,3,LFS - Periodic Labour Force Survey,Repository: ILO-STATISTICS - Micro data processing,,,1,,
ILO:DF_EMP_TEMP_SEX_OC2_NB(1.0),IND,A,EMP_TEMP_NB,SEX_M,OC2_ISCO08_96,2025,2405.607,,NB,PS,3,LFS - Periodic Labour Force Survey,Repository: ILO-STATISTICS - Micro data processing,,,1,,
ILO:DF_EMP_TEMP_SEX_OC2_NB(1.0),IND,A,EMP_TEMP_NB,SEX_F,OC2_ISCO08_TOTAL,2025,148809.441,,NB,PS,3,LFS - Periodic Labour Force Survey,Repository: ILO-STATISTICS - Micro data processing,,,1,,
ILO:DF_EMP_TEMP_SEX_OC2_NB(1.0),IND,A,EMP_TEMP_NB,SEX_F,OC2_ISCO08_11,2025,740.49,,NB,PS,3,LFS - Periodic Labour Force Survey,Repository: ILO-STATISTICS - Micro data processing,,,1,,
ILO:DF_EMP_TEMP_SEX_OC2_NB(1.0),IND,A,EMP_TEMP_NB,SEX_F,OC2_ISCO08_12,2025,331.873,,NB,PS,3,LFS - Periodic Labour Force Survey,Repository: ILO-STATISTICS - Micro data processing,,,1,,
ILO:DF_EMP_TEMP_SEX_OC2_NB(1.0),IND,A,EMP_TEMP_NB,SEX_F,OC2_ISCO08_13,2025,268.585,,NB,PS,3,LFS - Periodic Labour Force Survey,Repository: ILO-STATISTICS - Micro data processing,,,1,,
ILO:DF_EMP_TEMP_SEX_OC2_NB(1.0),IND,A,EMP_TEMP_NB,SEX_F,OC2_ISCO08_14,2025,204.884,,NB,PS,3,LFS - Periodic Labour Force Survey,Repository: ILO-STATISTICS - Micro data processing,,,1,,
ILO:DF_EMP_TEMP_SEX_OC2_NB(1.0),IND,A,EMP_TEMP_NB,SEX_F,OC2_ISCO08_21,2025,307.004,,NB,PS,3,LFS - Periodic Labour Force Survey,Repository: ILO-STATISTICS - Micro data processing,,,1,,
ILO:DF_EMP_TEMP_SEX_OC2_NB(1.0),IND,A,EMP_TEMP_NB,SEX_F,OC2_ISCO08_22,2025,1200.338,,NB,PS,3,LFS - Periodic Labour Force Survey,Repository: ILO-STATISTICS - Micro data processing,,,1,,
ILO:DF_EMP_TEMP_SEX_OC2_NB(1.0),IND,A,EMP_TEMP_NB,SEX_F,OC2_ISCO08_23,2025,6206.335,,NB,PS,3,LFS - Periodic Labour Force Survey,Repository: ILO-STATISTICS - Micro data processing,,,1,,
ILO:DF_EMP_TEMP_SEX_OC2_NB(1.0),IND,A,EMP_TEMP_NB,SEX_F,OC2_ISCO08_24,2025,968.275,,NB,PS,3,LFS - Periodic Labour Force Survey,Repository: ILO-STATISTICS - Micro data processing,,,1,,
ILO:DF_EMP_TEMP_SEX_OC2_NB(1.0),IND,A,EMP_TEMP_NB,SEX_F,OC2_ISCO08_25,2025,987.637,,NB,PS,3,LFS - Periodic Labour Force Survey,Repository: ILO-STATISTICS - Micro data processing,,,1,,
ILO:DF_EMP_TEMP_SEX_OC2_NB(1.0),IND,A,EMP_TEMP_NB,SEX_F,OC2_ISCO08_26,2025,407.994,,NB,PS,3,LFS - Periodic Labour Force Survey,Repository: ILO-STATISTICS - Micro data processing,,,1,,
ILO:DF_EMP_TEMP_SEX_OC2_NB(1.0),IND,A,EMP_TEMP_NB,SEX_F,OC2_ISCO08_31,2025,201.138,,NB,PS,3,LFS - Periodic Labour Force Survey,Repository: ILO-STATISTICS - Micro data processing,,,1,,
ILO:DF_EMP_TEMP_SEX_OC2_NB(1.0),IND,A,EMP_TEMP_NB,SEX_F,OC2_ISCO08_32,2025,2286.354,,NB,PS,3,LFS - Periodic Labour Force Survey,Repository: ILO-STATISTICS - Micro data processing,,,1,,
ILO:DF_EMP_TEMP_SEX_OC2_NB(1.0),IND,A,EMP_TEMP_NB,SEX_F,OC2_ISCO08_33,2025,584.753,,NB,PS,3,LFS - Periodic Labour Force Survey,Repository: ILO-STATISTICS - Micro data processing,,,1,,
ILO:DF_EMP_TEMP_SEX_OC2_NB(1.0),IND,A,EMP_TEMP_NB,SEX_F,OC2_ISCO08_34,2025,202.706,,NB,PS,3,LFS - Periodic Labour Force Survey,Repository: ILO-STATISTICS - Micro data processing,,,1,,
ILO:DF_EMP_TEMP_SEX_OC2_NB(1.0),IND,A,EMP_TEMP_NB,SEX_F,OC2_ISCO08_35,2025,138.069,,NB,PS,3,LFS - Periodic Labour Force Survey,Repository: ILO-STATISTICS - Micro data processing,,,1,,
ILO:DF_EMP_TEMP_SEX_OC2_NB(1.0),IND,A,EMP_TEMP_NB,SEX_F,OC2_ISCO08_41,2025,1367.568,,NB,PS,3,LFS - Periodic Labour Force Survey,Repository: ILO-STATISTICS - Micro data processing,,,1,,
ILO:DF_EMP_TEMP_SEX_OC2_NB(1.0),IND,A,EMP_TEMP_NB,SEX_F,OC2_ISCO08_42,2025,548.171,,NB,PS,3,LFS - Periodic Labour Force Survey,Repository: ILO-STATISTICS - Micro data processing,,,1,,
ILO:DF_EMP_TEMP_SEX_OC2_NB(1.0),IND,A,EMP_TEMP_NB,SEX_F,OC2_ISCO08_43,2025,297.699,,NB,PS,3,LFS - Periodic Labour Force Survey,Repository: ILO-STATISTICS - Micro data processing,,,1,,
ILO:DF_EMP_TEMP_SEX_OC2_NB(1.0),IND,A,EMP_TEMP_NB,SEX_F,OC2_ISCO08_44,2025,354.481,,NB,PS,3,LFS - Periodic Labour Force Survey,Repository: ILO-STATISTICS - Micro data processing,,,1,,
ILO:DF_EMP_TEMP_SEX_OC2_NB(1.0),IND,A,EMP_TEMP_NB,SEX_F,OC2_ISCO08_51,2025,4414.301,,NB,PS,3,LFS - Periodic Labour Force Survey,Repository: ILO-STATISTICS - Micro data processing,,,1,,
ILO:DF_EMP_TEMP_SEX_OC2_NB(1.0),IND,A,EMP_TEMP_NB,SEX_F,OC2_ISCO08_52,2025,8677.772,,NB,PS,3,LFS - Periodic Labour Force Survey,Repository: ILO-STATISTICS - Micro data processing,,,1,,
ILO:DF_EMP_TEMP_SEX_OC2_NB(1.0),IND,A,EMP_TEMP_NB,SEX_F,OC2_ISCO08_53,2025,957.871,,NB,PS,3,LFS - Periodic Labour Force Survey,Repository: ILO-STATISTICS - Micro data processing,,,1,,
ILO:DF_EMP_TEMP_SEX_OC2_NB(1.0),IND,A,EMP_TEMP_NB,SEX_F,OC2_ISCO08_54,2025,355.78,,NB,PS,3,LFS - Periodic Labour Force Survey,Repository: ILO-STATISTICS - Micro data processing,,,1,,
ILO:DF_EMP_TEMP_SEX_OC2_NB(1.0),IND,A,EMP_TEMP_NB,SEX_F,OC2_ISCO08_61,2025,58842.994,,NB,PS,3,LFS - Periodic Labour Force Survey,Repository: ILO-STATISTICS - Micro data processing,,,1,,
ILO:DF_EMP_TEMP_SEX_OC2_NB(1.0),IND,A,EMP_TEMP_NB,SEX_F,OC2_ISCO08_62,2025,418.73,,NB,PS,3,LFS - Periodic Labour Force Survey,Repository: ILO-STATISTICS - Micro data processing,,,1,,
ILO:DF_EMP_TEMP_SEX_OC2_NB(1.0),IND,A,EMP_TEMP_NB,SEX_F,OC2_ISCO08_63,2025,10964.066,,NB,PS,3,LFS - Periodic Labour Force Survey,Repository: ILO-STATISTICS - Micro data processing,,,1,,
ILO:DF_EMP_TEMP_SEX_OC2_NB(1.0),IND,A,EMP_TEMP_NB,SEX_F,OC2_ISCO08_71,2025,214.965,,NB,PS,3,LFS - Periodic Labour Force Survey,Repository: ILO-STATISTICS - Micro data processing,,,1,,
ILO:DF_EMP_TEMP_SEX_OC2_NB(1.0),IND,A,EMP_TEMP_NB,SEX_F,OC2_ISCO08_72,2025,133.761,,NB,PS,3,LFS - Periodic Labour Force Survey,Repository: ILO-STATISTICS - Micro data processing,,,1,,
ILO:DF_EMP_TEMP_SEX_OC2_NB(1.0),IND,A,EMP_TEMP_NB,SEX_F,OC2_ISCO08_73,2025,2536.687,,NB,PS,3,LFS - Periodic Labour Force Survey,Repository: ILO-STATISTICS - Micro data processing,,,1,,
ILO:DF_EMP_TEMP_SEX_OC2_NB(1.0),IND,A,EMP_TEMP_NB,SEX_F,OC2_ISCO08_74,2025,28.632,,NB,PS,3,LFS - Periodic Labour Force Survey,Repository: ILO-STATISTICS - Micro data processing,,,1,,
ILO:DF_EMP_TEMP_SEX_OC2_NB(1.0),IND,A,EMP_TEMP_NB,SEX_F,OC2_ISCO08_75,2025,10604.431,,NB,PS,3,LFS - Periodic Labour Force Survey,Repository: ILO-STATISTICS - Micro data processing,,,1,,
ILO:DF_EMP_TEMP_SEX_OC2_NB(1.0),IND,A,EMP_TEMP_NB,SEX_F,OC2_ISCO08_81,2025,1143.923,,NB,PS,3,LFS - Periodic Labour Force Survey,Repository: ILO-STATISTICS - Micro data processing,,,1,,
ILO:DF_EMP_TEMP_SEX_OC2_NB(1.0),IND,A,EMP_TEMP_NB,SEX_F,OC2_ISCO08_82,2025,55.959,,NB,PS,3,LFS - Periodic Labour Force Survey,Repository: ILO-STATISTICS - Micro data processing,,,1,,
ILO:DF_EMP_TEMP_SEX_OC2_NB(1.0),IND,A,EMP_TEMP_NB,SEX_F,OC2_ISCO08_83,2025,46.371,,NB,PS,3,LFS - Periodic Labour Force Survey,Repository: ILO-STATISTICS - Micro data processing,,,1,,
ILO:DF_EMP_TEMP_SEX_OC2_NB(1.0),IND,A,EMP_TEMP_NB,SEX_F,OC2_ISCO08_91,2025,6047.114,,NB,PS,3,LFS - Periodic Labour Force Survey,Repository: ILO-STATISTICS - Micro data processing,,,1,,
ILO:DF_EMP_TEMP_SEX_OC2_NB(1.0),IND,A,EMP_TEMP_NB,SEX_F,OC2_ISCO08_92,2025,17346.097,,NB,PS,3,LFS - Periodic Labour Force Survey,Repository: ILO-STATISTICS - Micro data processing,,,1,,
ILO:DF_EMP_TEMP_SEX_OC2_NB(1.0),IND,A,EMP_TEMP_NB,SEX_F,OC2_ISCO08_93,2025,6895.773,,NB,PS,3,LFS - Periodic Labour Force Survey,Repository: ILO-STATISTICS - Micro data processing,,,1,,
ILO:DF_EMP_TEMP_SEX_OC2_NB(1.0),IND,A,EMP_TEMP_NB,SEX_F,OC2_ISCO08_94,2025,313.682,,NB,PS,3,LFS - Periodic Labour Force Survey,Repository: ILO-STATISTICS - Micro data processing,,,1,,
ILO:DF_EMP_TEMP_SEX_OC2_NB(1.0),IND,A,EMP_TEMP_NB,SEX_F,OC2_ISCO08_95,2025,214.116,,NB,PS,3,LFS - Periodic Labour Force Survey,Repository: ILO-STATISTICS - Micro data processing,,,1,,
ILO:DF_EMP_TEMP_SEX_OC2_NB(1.0),IND,A,EMP_TEMP_NB,SEX_F,OC2_ISCO08_96,2025,992.064,,NB,PS,3,LFS - Periodic Labour Force Survey,Repository: ILO-STATISTICS - Micro data processing,,,1,,
